TIME s, IN1D, IN2D,TIME sT, IN1T, IN2T
2.5,0.502502,0.459118,2.5,0.505357,0.430956
2.495,0.493937,0.779751,2.495,0.496792,0.472294
2.49,0.485372,0.875863,2.49,0.488227,0.483662
2.485,0.476806,0.957507,2.485,0.479661,0.491413
2.48,0.471096,1.074289,2.48,0.471096,0.501748
2.476,0.459675,1.105034,2.476,0.465386,0.496064
2.471,0.453965,1.19107,2.471,0.45682,0.490638
2.466,0.448255,1.212773,2.466,0.45111,0.49193
2.461,0.43969,1.277882,2.461,0.43969,0.485213
2.456,0.431124,1.312503,2.456,0.431124,0.471778
2.451,0.422559,1.315086,2.451,0.422559,0.46506
2.446,0.416849,1.387171,2.446,0.416849,0.460668
2.441,0.411138,1.382779,2.441,0.411138,0.445683
2.437,0.402573,1.416366,2.437,0.402573,0.431731
2.432,0.394008,1.428768,2.432,0.396863,0.427855
2.427,0.385442,1.446854,2.427,0.385442,0.417262
2.422,0.379732,1.47424,2.422,0.379732,0.399952
2.417,0.371166,1.450471,2.417,0.371166,0.393234
2.412,0.362601,1.498785,2.412,0.365456,0.384708
2.407,0.354036,1.484317,2.407,0.354036,0.368431
2.402,0.348325,1.484058,2.402,0.348325,0.355771
2.397,0.336905,1.50111,2.397,0.33976,0.351637
2.393,0.33405,1.491551,2.393,0.331195,0.337685
2.388,0.322629,1.509637,2.388,0.322629,0.321408
2.383,0.316919,1.480958,2.383,0.316919,0.316499
2.378,0.308354,1.508086,2.378,0.308354,0.308231
2.373,0.299788,1.497752,2.373,0.299788,0.291438
2.368,0.294078,1.471915,2.368,0.294078,0.281878
2.363,0.285513,1.494393,2.363,0.282658,0.277486
2.358,0.276947,1.469848,2.358,0.276947,0.261984
2.354,0.268382,1.475015,2.354,0.268382,0.250099
2.349,0.262672,1.451762,2.349,0.262672,0.248032
2.344,0.254106,1.452796,2.344,0.251251,0.236922
2.339,0.245541,1.450471,2.339,0.245541,0.222454
2.334,0.236976,1.414558,2.334,0.236976,0.21832
2.329,0.231265,1.436519,2.329,0.231265,0.212377
2.324,0.2227,1.410424,2.324,0.2227,0.197392
2.319,0.214135,1.399314,2.319,0.214135,0.187833
2.314,0.208424,1.386912,2.314,0.205569,0.186282
2.31,0.199859,1.373219,2.31,0.199859,0.174914
2.305,0.191293,1.373219,2.305,0.191293,0.163804
2.3,0.185583,1.336273,2.3,0.185583,0.161479
2.295,0.177018,1.349191,2.295,0.174163,0.15502
2.29,0.165597,1.32878,2.29,0.165597,0.142618
2.285,0.159887,1.304493,2.285,0.159887,0.135901
2.28,0.151322,1.306044,2.28,0.151322,0.135126
2.275,0.145611,1.279949,2.275,0.145611,0.123758
2.271,0.137046,1.27814,2.271,0.137046,0.114198
2.266,0.128481,1.247136,2.266,0.128481,0.114715
2.261,0.12277,1.246361,2.261,0.12277,0.108772
2.256,0.114205,1.232926,2.256,0.114205,0.097404
2.251,0.108495,1.200888,2.251,0.10564,0.093787
2.246,0.097074,1.208381,2.246,0.097074,0.091462
2.241,0.088509,1.182028,2.241,0.088509,0.081644
2.236,0.082799,1.171693,2.236,0.082799,0.074151
2.231,0.074233,1.150765,2.231,0.074233,0.07596
2.227,0.068523,1.140689,2.227,0.068523,0.069242
2.222,0.059958,1.131646,2.222,0.057103,0.059166
2.217,0.051392,1.095733,2.217,0.048537,0.059166
2.212,0.042827,1.104518,2.212,0.042827,0.056582
2.207,0.034262,1.081781,2.207,0.034262,0.046764
2.202,0.028551,1.05827,2.202,0.025696,0.041597
2.197,0.022841,1.052844,2.197,0.019986,0.044181
2.192,0.014276,1.0345,2.192,0.011421,0.035655
2.188,0.00571,1.025457,2.188,0.002855,0.027904
2.183,-0.002855,0.996004,2.183,-0.002855,0.030229
2.178,-0.008565,0.999362,2.178,-0.011421,0.027645
2.173,-0.017131,0.980502,2.173,-0.017131,0.018602
2.168,-0.025696,0.951306,2.168,-0.028551,0.017052
2.163,-0.034262,0.954148,2.163,-0.034262,0.018344
2.158,-0.039972,0.932704,2.158,-0.042827,0.010076
2.153,-0.048537,0.919785,2.153,-0.051392,0.003876
2.148,-0.054247,0.897824,2.148,-0.057103,0.007751
2.144,-0.062813,0.894207,2.144,-0.065668,0.003876
2.139,-0.068523,0.879222,2.139,-0.077088,-0.005942
2.134,-0.079944,0.850802,2.134,-0.082799,-0.003617
2.129,-0.088509,0.855452,2.129,-0.091364,-0.003876
2.124,-0.097074,0.834524,2.124,-0.099929,-0.012402
2.119,-0.10564,0.817214,2.119,-0.10564,-0.01576
2.114,-0.11135,0.804037,2.114,-0.11135,-0.011885
2.109,-0.11706,0.791894,2.109,-0.12277,-0.018602
2.104,-0.125626,0.782334,2.104,-0.128481,-0.024028
2.1,-0.131336,0.754947,2.1,-0.137046,-0.021444
2.095,-0.139901,0.758306,2.095,-0.142756,-0.021444
2.09,-0.151322,0.741254,2.09,-0.151322,-0.029712
2.085,-0.159887,0.718518,2.085,-0.159887,-0.031521
2.08,-0.165597,0.713867,2.08,-0.168452,-0.027645
2.075,-0.174163,0.698365,2.075,-0.177018,-0.035396
2.07,-0.182728,0.68803,2.07,-0.182728,-0.03953
2.065,-0.191293,0.665811,2.065,-0.191293,-0.034621
2.061,-0.197004,0.663227,2.061,-0.199859,-0.037463
2.056,-0.202714,0.650826,2.056,-0.208424,-0.045214
2.051,-0.214135,0.626539,2.051,-0.214135,-0.042889
2.046,-0.2227,0.626281,2.046,-0.2227,-0.040564
2.041,-0.22841,0.611037,2.041,-0.231265,-0.047798
2.036,-0.236976,0.596827,2.036,-0.236976,-0.051932
2.031,-0.242686,0.581842,2.031,-0.245541,-0.046764
2.026,-0.251251,0.575383,2.026,-0.251251,-0.050382
2.021,-0.256961,0.563756,2.021,-0.259817,-0.056066
2.017,-0.265527,0.540503,2.017,-0.265527,-0.052965
2.012,-0.274092,0.541795,2.012,-0.274092,-0.052707
2.007,-0.285513,0.528877,2.007,-0.282658,-0.059424
2.002,-0.291223,0.511824,2.002,-0.288368,-0.060716
1.997,-0.299788,0.50304,1.997,-0.299788,-0.055807
1.992,-0.305499,0.49348,1.992,-0.305499,-0.062525
1.987,-0.314064,0.483146,1.987,-0.314064,-0.066142
1.982,-0.322629,0.462218,1.982,-0.319774,-0.060716
1.978,-0.331195,0.462476,1.978,-0.331195,-0.062008
1.973,-0.336905,0.451108,1.973,-0.336905,-0.068467
1.968,-0.34547,0.429664,1.968,-0.348325,-0.066659
1.963,-0.354036,0.428114,1.963,-0.354036,-0.06485
1.958,-0.359746,0.417779,1.958,-0.359746,-0.070534
1.953,-0.368311,0.404086,1.953,-0.371166,-0.073893
1.948,-0.376877,0.389875,1.948,-0.376877,-0.06795
1.943,-0.382587,0.388325,1.943,-0.382587,-0.070534
1.938,-0.394008,0.375665,1.938,-0.394008,-0.077768
1.934,-0.396863,0.358096,1.934,-0.399718,-0.073118
1.929,-0.408283,0.358096,1.929,-0.408283,-0.071568
1.924,-0.416849,0.349312,1.924,-0.413993,-0.078027
1.919,-0.422559,0.333293,1.919,-0.425414,-0.079835
1.914,-0.431124,0.323733,1.914,-0.433979,-0.07441
1.909,-0.436834,0.320633,1.909,-0.43969,-0.07906
1.904,-0.448255,0.308231,1.904,-0.448255,-0.082936
1.899,-0.453965,0.291954,1.899,-0.453965,-0.078285
1.895,-0.459675,0.292471,1.895,-0.462531,-0.077768
1.89,-0.468241,0.282653,1.89,-0.471096,-0.084744
1.885,-0.479661,0.266893,1.885,-0.479661,-0.082677
1.88,-0.485372,0.262759,1.88,-0.485372,-0.078802
1.875,-0.493937,0.256558,1.875,-0.493937,-0.085003
1.87,-0.499647,0.244932,1.87,-0.499647,-0.088103
1.865,-0.508213,0.231497,1.865,-0.508213,-0.081902
1.86,-0.516778,0.231238,1.86,-0.516778,-0.083711
1.855,-0.525343,0.221937,1.855,-0.525343,-0.089395
1.851,-0.533909,0.20721,1.851,-0.531054,-0.085778
1.846,-0.539619,0.205402,1.846,-0.539619,-0.084486
1.841,-0.551039,0.200234,1.841,-0.551039,-0.089912
1.836,-0.55675,0.187316,1.836,-0.553895,-0.090687
1.831,-0.565315,0.177756,1.831,-0.565315,-0.085519
1.826,-0.571025,0.177756,1.826,-0.571025,-0.089653
1.821,-0.576736,0.166647,1.821,-0.576736,-0.093529
1.816,-0.585301,0.154503,1.816,-0.585301,-0.089137
1.812,-0.593866,0.153728,1.812,-0.593866,-0.087586
1.807,-0.602432,0.148561,1.807,-0.602432,-0.093787
1.802,-0.610997,0.135384,1.802,-0.610997,-0.094045
1.797,-0.616707,0.1297,1.797,-0.616707,-0.088878
1.792,-0.622418,0.127892,1.792,-0.622418,-0.094562
1.787,-0.633838,0.117557,1.787,-0.630983,-0.096629
1.782,-0.639548,0.105672,1.782,-0.639548,-0.089912
1.777,-0.648114,0.107481,1.777,-0.648114,-0.091979
1.772,-0.656679,0.101021,1.772,-0.656679,-0.097404
1.768,-0.662389,0.089137,1.768,-0.662389,-0.094821
1.763,-0.670955,0.085778,1.763,-0.67381,-0.090945
1.758,-0.67952,0.084486,1.758,-0.682375,-0.096888
1.753,-0.688086,0.073118,1.753,-0.688086,-0.09973
1.748,-0.696651,0.063558,1.748,-0.693796,-0.093012
1.743,-0.702361,0.065884,1.743,-0.702361,-0.095337
1.738,-0.708071,0.057099,1.738,-0.708071,-0.099988
1.733,-0.719492,0.046506,1.733,-0.716637,-0.096112
1.729,-0.725202,0.045731,1.729,-0.725202,-0.094821
1.724,-0.733768,0.044956,1.724,-0.733768,-0.100505
1.719,-0.739478,0.033329,1.719,-0.742333,-0.09973
1.714,-0.748043,0.027387,1.714,-0.750898,-0.094304
1.709,-0.753753,0.029712,1.709,-0.756609,-0.100246
1.704,-0.765174,0.019119,1.704,-0.765174,-0.103347
1.699,-0.770884,0.010593,1.699,-0.770884,-0.097146
1.694,-0.77945,0.011885,1.694,-0.782305,-0.096629
1.689,-0.78516,0.00956,1.689,-0.788015,-0.102572
1.685,-0.79658,-0.002584,1.685,-0.79658,-0.099988
1.68,-0.802291,-0.004909,1.68,-0.805146,-0.096888
1.675,-0.808001,-0.003359,1.675,-0.810856,-0.101796
1.67,-0.819421,-0.014727,1.67,-0.819421,-0.10593
1.665,-0.825132,-0.021444,1.665,-0.827987,-0.095337
1.66,-0.830842,-0.018086,1.66,-0.836552,-0.098438
1.655,-0.839407,-0.025062,1.655,-0.842262,-0.108256
1.65,-0.850828,-0.032813,1.65,-0.850828,-0.101538
1.646,-0.856538,-0.033588,1.646,-0.856538,-0.096112
1.641,-0.865103,-0.032554,1.641,-0.867959,-0.105672
1.636,-0.873669,-0.042889,1.636,-0.873669,-0.106705
1.631,-0.879379,-0.048315,1.631,-0.882234,-0.100505
1.626,-0.8908,-0.043147,1.626,-0.893655,-0.102055
1.621,-0.89651,-0.05219,1.621,-0.89651,-0.104897
1.616,-0.90222,-0.058391,1.616,-0.905075,-0.105414
1.611,-0.913641,-0.056582,1.611,-0.913641,-0.100246
1.606,-0.922206,-0.057099,1.606,-0.922206,-0.108514
1.602,-0.927916,-0.065884,1.602,-0.927916,-0.102055
1.597,-0.936482,-0.069501,1.597,-0.939337,-0.099988
1.592,-0.945047,-0.06485,1.592,-0.945047,-0.109031
1.587,-0.950757,-0.073893,1.587,-0.947902,-0.106447
1.582,-0.959323,-0.079577,1.582,-0.959323,-0.103347
1.577,-0.965033,-0.075443,1.577,-0.965033,-0.102055
1.572,-0.973598,-0.078802,1.572,-0.973598,-0.110064
1.567,-0.979308,-0.086553,1.567,-0.979308,-0.105414
1.563,-0.987874,-0.087586,1.563,-0.990729,-0.101796
1.558,-0.996439,-0.083711,1.558,-0.999294,-0.110064
1.553,-1.005005,-0.093012,1.553,-1.005005,-0.109031
1.548,-1.01357,-0.097663,1.548,-1.01357,-0.103863
1.543,-1.01928,-0.09172,1.543,-1.022135,-0.107739
1.538,-1.027846,-0.097921,1.538,-1.027846,-0.110839
1.533,-1.036411,-0.103347,1.533,-1.036411,-0.10593
1.528,-1.044976,-0.102313,1.528,-1.044976,-0.103605
1.523,-1.050687,-0.099213,1.523,-1.053542,-0.110064
1.519,-1.062107,-0.108256,1.519,-1.062107,-0.108514
1.514,-1.070673,-0.111356,1.514,-1.070673,-0.10438
1.509,-1.076383,-0.105672,1.509,-1.076383,-0.109806
1.504,-1.082093,-0.113165,1.504,-1.084948,-0.110581
1.499,-1.090658,-0.118332,1.499,-1.093514,-0.105155
1.494,-1.096369,-0.114456,1.494,-1.099224,-0.104897
1.489,-1.107789,-0.113681,1.489,-1.107789,-0.11239
1.484,-1.113499,-0.121691,1.484,-1.113499,-0.106964
1.479,-1.122065,-0.122207,1.479,-1.122065,-0.104122
1.475,-1.127775,-0.11704,1.475,-1.13063,-0.110839
1.47,-1.139196,-0.125825,1.47,-1.139196,-0.111614
1.465,-1.144906,-0.129442,1.465,-1.144906,-0.107997
1.46,-1.153471,-0.122983,1.46,-1.153471,-0.107222
1.455,-1.159181,-0.127892,1.455,-1.162037,-0.11239
1.45,-1.170602,-0.132025,1.45,-1.170602,-0.108514
1.445,-1.179167,-0.131767,1.445,-1.179167,-0.106447
1.44,-1.184878,-0.126341,1.44,-1.184878,-0.11394
1.436,-1.193443,-0.135126,1.436,-1.193443,-0.111098
1.431,-1.199153,-0.137709,1.431,-1.199153,-0.106447
1.426,-1.207719,-0.130217,1.426,-1.210574,-0.112131
1.421,-1.216284,-0.137193,1.421,-1.216284,-0.114715
1.416,-1.224849,-0.140551,1.416,-1.224849,-0.109031
1.411,-1.23056,-0.137968,1.411,-1.23056,-0.107481
1.406,-1.24198,-0.135643,1.406,-1.24198,-0.114456
1.401,-1.24769,-0.142102,1.401,-1.24769,-0.111873
1.396,-1.256256,-0.144169,1.396,-1.256256,-0.108256
1.392,-1.264821,-0.137451,1.392,-1.267676,-0.113165
1.387,-1.270531,-0.144944,1.387,-1.270531,-0.114973
1.382,-1.279097,-0.148302,1.382,-1.279097,-0.108772
1.377,-1.287662,-0.142618,1.377,-1.287662,-0.111098
1.372,-1.293372,-0.144427,1.372,-1.293372,-0.116007
1.367,-1.299083,-0.149078,1.367,-1.301938,-0.110581
1.362,-1.307648,-0.149078,1.362,-1.310503,-0.109547
1.357,-1.316213,-0.142877,1.357,-1.319069,-0.115232
1.353,-1.324779,-0.151403,1.353,-1.327634,-0.11549
1.348,-1.333344,-0.15347,1.348,-1.333344,-0.109806
1.343,-1.339054,-0.14546,1.343,-1.34191,-0.113681
1.338,-1.350475,-0.151661,1.338,-1.350475,-0.116782
1.333,-1.35333,-0.153987,1.333,-1.356185,-0.111098
1.328,-1.364751,-0.152436,1.328,-1.364751,-0.110839
1.323,-1.373316,-0.148044,1.323,-1.373316,-0.116007
1.318,-1.379026,-0.155278,1.318,-1.379026,-0.114973
1.313,-1.390447,-0.15657,1.313,-1.390447,-0.110323
1.309,-1.399012,-0.149078,1.309,-1.399012,-0.114973
1.304,-1.404722,-0.156312,1.304,-1.404722,-0.11859
1.299,-1.410433,-0.159412,1.299,-1.413288,-0.111614
1.294,-1.418998,-0.154245,1.294,-1.421853,-0.111873
1.289,-1.427563,-0.152436,1.289,-1.427563,-0.117557
1.284,-1.436129,-0.158637,1.284,-1.436129,-0.114715
1.279,-1.441839,-0.158896,1.279,-1.441839,-0.112131
1.274,-1.450404,-0.152436,1.274,-1.450404,-0.117298
1.27,-1.456115,-0.159671,1.27,-1.456115,-0.117815
1.265,-1.467535,-0.162513,1.265,-1.467535,-0.111614
1.26,-1.473245,-0.15502,1.26,-1.473245,-0.115748
1.255,-1.481811,-0.157345,1.255,-1.478956,-0.119107
1.25,0.502502,0.428889,1.25,0.502502,0.426563
1.245,0.496792,0.782076,1.245,0.493937,0.471519
1.24,0.488227,0.859328,1.24,0.488227,0.482887
1.235,0.476806,0.971717,1.235,0.476806,0.490897
1.23,0.471096,1.054653,1.23,0.473951,0.502006
1.226,0.465386,1.107876,1.226,0.465386,0.496839
1.221,0.45682,1.193654,1.221,0.45682,0.488055
1.216,0.45111,1.19908,1.216,0.45111,0.489863
1.211,0.442545,1.284599,1.211,0.442545,0.484179
1.206,0.433979,1.308627,1.206,0.431124,0.470486
1.201,0.428269,1.320512,1.201,0.425414,0.46661
1.196,0.416849,1.375544,1.196,0.416849,0.457309
1.191,0.411138,1.378128,1.191,0.411138,0.444391
1.187,0.399718,1.423342,1.187,0.399718,0.433281
1.182,0.394008,1.413783,1.182,0.394008,0.427855
1.177,0.385442,1.455638,1.177,0.385442,0.415195
1.172,0.379732,1.467264,1.172,0.379732,0.395818
1.167,0.371166,1.447629,1.167,0.371166,0.393492
1.162,0.365456,1.493101,1.162,0.362601,0.384708
1.157,0.356891,1.479149,1.157,0.354036,0.364039
1.152,0.348325,1.492843,1.152,0.348325,0.354479
1.147,0.342615,1.485867,1.147,0.33976,0.34957
1.143,0.33405,1.490776,1.143,0.331195,0.335102
1.138,0.322629,1.505244,1.138,0.325484,0.320891
1.133,0.316919,1.473465,1.133,0.316919,0.314949
1.128,0.308354,1.506536,1.128,0.308354,0.305389
1.123,0.299788,1.488192,1.123,0.299788,0.290404
1.118,0.294078,1.477857,1.118,0.291223,0.283945
1.113,0.285513,1.4807,1.113,0.285513,0.276969
1.108,0.276947,1.465456,1.108,0.276947,0.260175
1.104,0.268382,1.475532,1.104,0.268382,0.249582
1.099,0.262672,1.440911,1.099,0.262672,0.247774
1.094,0.256961,1.457705,1.094,0.254106,0.234855
1.089,0.245541,1.443753,1.089,0.245541,0.220387
1.084,0.236976,1.416625,1.084,0.236976,0.217545
1.079,0.231265,1.430576,1.079,0.231265,0.210827
1.074,0.2227,1.402931,1.074,0.2227,0.197134
1.069,0.21699,1.403965,1.069,0.21699,0.187574
1.064,0.205569,1.378386,1.064,0.205569,0.185507
1.06,0.202714,1.375544,1.06,0.199859,0.174398
1.055,0.191293,1.368052,1.055,0.191293,0.163288
1.05,0.185583,1.331364,1.05,0.182728,0.161221
1.045,0.177018,1.347382,1.045,0.174163,0.15502
1.04,0.171308,1.321287,1.04,0.165597,0.14236
1.035,0.162742,1.309661,1.035,0.159887,0.136934
1.03,0.151322,1.295451,1.03,0.151322,0.133834
1.025,0.145611,1.27969,1.025,0.142756,0.122724
1.021,0.137046,1.275815,1.021,0.137046,0.114456
1.016,0.131336,1.239385,1.016,0.128481,0.114456
1.011,0.12277,1.249461,1.011,0.12277,0.107222
1.006,0.11706,1.226467,1.006,0.114205,0.095854
1.001,0.108495,1.19908,1.001,0.108495,0.094821
996.094,0.099929,1.201663,996.094,0.099929,0.091203
991.211,0.094219,1.178152,991.211,0.091364,0.080352
986.328,0.085654,1.170401,986.328,0.082799,0.073376
981.445,0.079944,1.141981,981.445,0.077088,0.074668
976.563,0.068523,1.143273,976.563,0.065668,0.06795
971.68,0.057103,1.126479,971.68,0.057103,0.057874
966.797,0.051392,1.092891,966.797,0.051392,0.058133
961.914,0.045682,1.100642,961.914,0.042827,0.056066
957.031,0.037117,1.076097,957.031,0.034262,0.046248
952.148,0.028551,1.062145,952.148,0.025696,0.042631
947.266,0.022841,1.043285,947.266,0.019986,0.043664
942.383,0.014276,1.035534,942.383,0.011421,0.033846
937.5,0.00571,1.023649,937.5,0.00571,0.027387
932.617,-0.002855,0.991353,932.617,-0.002855,0.030487
927.734,-0.008565,0.998071,927.734,-0.011421,0.02687
922.852,-0.017131,0.976109,922.852,-0.019986,0.016277
917.969,-0.025696,0.954407,917.969,-0.025696,0.016794
913.086,-0.031406,0.94588,913.086,-0.034262,0.016535
908.203,-0.039972,0.928312,908.203,-0.042827,0.008268
903.32,-0.048537,0.920819,903.32,-0.048537,0.0031
898.438,-0.054247,0.891623,898.438,-0.054247,0.006718
893.555,-0.065668,0.89214,893.555,-0.065668,0.000775
888.672,-0.071378,0.876638,888.672,-0.071378,-0.005684
883.789,-0.079944,0.850285,883.789,-0.079944,-0.003359
878.906,-0.088509,0.850285,878.906,-0.088509,-0.004392
874.023,-0.094219,0.830649,874.023,-0.097074,-0.013177
869.141,-0.10564,0.819539,869.141,-0.10564,-0.01576
864.258,-0.11135,0.79732,864.258,-0.11135,-0.011627
859.375,-0.11706,0.791894,859.375,-0.119915,-0.019119
854.492,-0.125626,0.780009,854.492,-0.125626,-0.024545
849.609,-0.131336,0.753139,849.609,-0.134191,-0.020669
844.727,-0.139901,0.755206,844.727,-0.142756,-0.022478
839.844,-0.151322,0.737637,839.844,-0.154177,-0.029971
834.961,-0.157032,0.72136,834.961,-0.159887,-0.030229
830.078,-0.168452,0.708441,830.078,-0.168452,-0.02842
825.195,-0.177018,0.69759,825.195,-0.177018,-0.035396
820.313,-0.182728,0.686997,820.313,-0.182728,-0.03953
815.43,-0.191293,0.66116,815.43,-0.194149,-0.034363
810.547,-0.197004,0.663227,810.547,-0.199859,-0.037722
805.664,-0.205569,0.648242,805.664,-0.208424,-0.044956
800.781,-0.214135,0.624472,800.781,-0.214135,-0.042114
795.898,-0.2227,0.622405,795.898,-0.225555,-0.041597
791.016,-0.22841,0.608454,791.016,-0.22841,-0.048831
786.133,-0.236976,0.598377,786.133,-0.239831,-0.050898
781.25,-0.242686,0.576416,781.25,-0.245541,-0.045989
776.367,-0.251251,0.575383,776.367,-0.251251,-0.05219
771.484,-0.259817,0.563239,771.484,-0.259817,-0.056582
766.602,-0.265527,0.538695,766.602,-0.268382,-0.051932
761.719,-0.274092,0.539211,761.719,-0.276947,-0.05219
756.836,-0.279802,0.526551,756.836,-0.285513,-0.059424
751.953,-0.288368,0.510016,751.953,-0.291223,-0.059166
747.07,-0.299788,0.497614,747.07,-0.299788,-0.05529
742.188,-0.305499,0.493739,742.188,-0.305499,-0.061491
737.305,-0.314064,0.481079,737.305,-0.316919,-0.065884
732.422,-0.319774,0.460668,732.422,-0.322629,-0.060199
727.539,-0.32834,0.46196,727.539,-0.331195,-0.06175
722.656,-0.336905,0.449558,722.656,-0.33976,-0.068467
717.773,-0.34547,0.432247,717.773,-0.348325,-0.065108
712.891,-0.351181,0.425013,712.891,-0.354036,-0.064592
708.008,-0.359746,0.418037,708.008,-0.362601,-0.070276
703.125,-0.371166,0.405377,703.125,-0.371166,-0.072859
698.242,-0.376877,0.387292,698.242,-0.376877,-0.0664
693.359,-0.382587,0.388842,693.359,-0.385442,-0.069759
688.477,-0.391152,0.376957,688.477,-0.394008,-0.076218
683.594,-0.399718,0.358613,683.594,-0.399718,-0.071568
678.711,-0.408283,0.355771,678.711,-0.408283,-0.070017
673.828,-0.413993,0.346986,673.828,-0.416849,-0.076735
668.945,-0.425414,0.334327,668.945,-0.422559,-0.076993
664.063,-0.431124,0.320633,664.063,-0.433979,-0.072343
659.18,-0.43969,0.319341,659.18,-0.43969,-0.078285
654.297,-0.448255,0.308231,654.297,-0.448255,-0.081902
649.414,-0.453965,0.292213,649.414,-0.453965,-0.076477
644.531,-0.45682,0.290921,644.531,-0.465386,-0.077252
639.648,-0.471096,0.28317,639.648,-0.471096,-0.083969
634.766,-0.479661,0.269218,634.766,-0.479661,-0.080869
629.883,-0.485372,0.259142,629.883,-0.485372,-0.07751
625,-0.493937,0.256817,625,-0.493937,-0.084744
620.117,-0.499647,0.245707,620.117,-0.499647,-0.08707
615.234,-0.508213,0.230721,615.234,-0.508213,-0.081386
610.352,-0.516778,0.23098,610.352,-0.516778,-0.083711
605.469,-0.525343,0.223487,605.469,-0.525343,-0.088878
600.586,-0.533909,0.20876,600.586,-0.533909,-0.084486
595.703,-0.539619,0.20411,595.703,-0.542474,-0.082936
590.82,-0.551039,0.199717,590.82,-0.551039,-0.089653
585.938,-0.55675,0.188608,585.938,-0.55675,-0.090428
581.055,-0.565315,0.175948,581.055,-0.565315,-0.082936
576.172,-0.571025,0.176206,576.172,-0.571025,-0.088878
571.289,-0.579591,0.167938,571.289,-0.576736,-0.093529
566.406,-0.588156,0.152953,566.406,-0.585301,-0.087845
561.523,-0.593866,0.15192,561.523,-0.593866,-0.086553
556.641,-0.602432,0.148302,556.641,-0.602432,-0.092237
551.758,-0.608142,0.135901,551.758,-0.610997,-0.091979
546.875,-0.616707,0.1266,546.875,-0.616707,-0.088878
541.992,-0.622418,0.127375,541.992,-0.625273,-0.093529
537.109,-0.633838,0.11704,537.109,-0.633838,-0.095596
532.227,-0.639548,0.104897,532.227,-0.639548,-0.089653
527.344,-0.648114,0.104897,527.344,-0.648114,-0.092237
522.461,-0.653824,0.101538,522.461,-0.656679,-0.098438
517.578,-0.665245,0.088103,517.578,-0.665245,-0.092237
512.695,-0.670955,0.083194,512.695,-0.67381,-0.089653
507.813,-0.67952,0.083452,507.813,-0.682375,-0.097146
502.93,-0.688086,0.072084,502.93,-0.688086,-0.098954
498.047,-0.696651,0.062783,498.047,-0.696651,-0.091979
493.164,-0.702361,0.064075,493.164,-0.705216,-0.094562
488.281,-0.710927,0.057616,488.281,-0.710927,-0.099213
483.398,-0.719492,0.046506,483.398,-0.719492,-0.095337
478.516,-0.725202,0.044697,478.516,-0.725202,-0.093787
473.633,-0.733768,0.044181,473.633,-0.733768,-0.099213
468.75,-0.739478,0.032554,468.75,-0.742333,-0.098438
463.867,-0.748043,0.025062,463.867,-0.750898,-0.094304
458.984,-0.753753,0.027645,458.984,-0.756609,-0.098954
454.102,-0.765174,0.018861,454.102,-0.765174,-0.10128
449.219,-0.770884,0.010335,449.219,-0.773739,-0.095337
444.336,-0.77945,0.009818,444.336,-0.782305,-0.097146
439.453,-0.788015,0.008784,439.453,-0.788015,-0.101538
434.57,-0.79658,-0.00155,434.57,-0.79658,-0.097146
429.688,-0.805146,-0.007234,429.688,-0.805146,-0.097146
424.805,-0.813711,-0.003617,424.805,-0.813711,-0.10283
419.922,-0.822277,-0.013693,419.922,-0.822277,-0.103863
415.039,-0.827987,-0.021186,415.039,-0.827987,-0.095079
410.156,-0.833697,-0.018602,410.156,-0.833697,-0.101021
405.273,-0.842262,-0.021961,405.273,-0.842262,-0.106705
400.391,-0.850828,-0.031521,400.391,-0.850828,-0.100763
395.508,-0.859393,-0.034363,395.508,-0.859393,-0.096888
390.625,-0.865103,-0.032037,390.625,-0.867959,-0.103088
385.742,-0.873669,-0.042114,385.742,-0.873669,-0.105414
380.859,-0.882234,-0.048573,380.859,-0.882234,-0.100246
375.977,-0.8908,-0.044439,375.977,-0.8908,-0.103863
371.094,-0.89651,-0.050382,371.094,-0.89651,-0.105155
366.211,-0.905075,-0.057874,366.211,-0.905075,-0.100505
361.328,-0.913641,-0.058649,361.328,-0.913641,-0.102313
356.445,-0.922206,-0.056066,356.445,-0.922206,-0.107739
351.563,-0.927916,-0.066142,351.563,-0.927916,-0.103088
346.68,-0.939337,-0.070792,346.68,-0.939337,-0.099471
341.797,-0.945047,-0.065625,341.797,-0.945047,-0.10593
336.914,-0.950757,-0.073893,336.914,-0.950757,-0.109289
332.031,-0.959323,-0.080094,332.031,-0.959323,-0.101021
327.148,-0.965033,-0.077768,327.148,-0.965033,-0.102572
322.266,-0.976453,-0.077252,322.266,-0.976453,-0.107739
317.383,-0.982164,-0.086036,317.383,-0.982164,-0.10438
312.5,-0.990729,-0.08862,312.5,-0.990729,-0.103605
307.617,-0.999294,-0.083969,307.617,-0.999294,-0.107997
302.734,-1.005005,-0.092495,302.734,-1.005005,-0.107739
297.852,-1.010715,-0.097921,297.852,-1.01357,-0.102055
292.969,-1.022135,-0.09327,292.969,-1.022135,-0.107481
288.086,-1.030701,-0.095854,288.086,-1.030701,-0.111098
283.203,-1.036411,-0.103347,283.203,-1.036411,-0.103863
278.32,-1.044976,-0.103347,278.32,-1.044976,-0.103088
273.438,-1.050687,-0.099213,273.438,-1.053542,-0.109806
268.555,-1.062107,-0.108256,268.555,-1.062107,-0.107481
263.672,-1.067817,-0.112131,263.672,-1.070673,-0.104122
258.789,-1.076383,-0.106189,258.789,-1.076383,-0.108514
253.906,-1.084948,-0.11239,253.906,-1.084948,-0.111356
249.023,-1.090658,-0.116782,249.023,-1.093514,-0.105414
244.141,-1.099224,-0.115748,244.141,-1.099224,-0.106964
239.258,-1.107789,-0.112648,239.258,-1.110644,-0.112648
234.375,-1.113499,-0.120141,234.375,-1.113499,-0.107739
229.492,-1.12492,-0.122983,229.492,-1.12492,-0.105414
224.609,-1.13063,-0.116265,224.609,-1.13063,-0.111356
219.727,-1.139196,-0.124791,219.727,-1.139196,-0.11239
214.844,-1.144906,-0.128667,214.844,-1.144906,-0.106447
209.961,-1.153471,-0.125566,209.961,-1.153471,-0.109547
205.078,-1.162037,-0.125049,205.078,-1.162037,-0.113423
200.195,-1.170602,-0.131509,200.195,-1.170602,-0.108256
195.313,-1.179167,-0.132025,195.313,-1.179167,-0.107481
190.43,-1.184878,-0.126341,190.43,-1.184878,-0.113423
185.547,-1.196298,-0.134609,185.547,-1.193443,-0.111614
180.664,-1.199153,-0.137968,180.664,-1.199153,-0.106447
175.781,-1.210574,-0.130992,175.781,-1.210574,-0.112131
170.898,-1.216284,-0.135643,170.898,-1.216284,-0.115232
166.016,-1.224849,-0.139776,166.016,-1.224849,-0.108256
161.133,-1.23056,-0.138743,161.133,-1.23056,-0.108772
156.25,-1.239125,-0.134351,156.25,-1.239125,-0.114198
151.367,-1.24769,-0.14236,151.367,-1.24769,-0.110581
146.484,-1.256256,-0.144944,146.484,-1.256256,-0.108256
141.602,-1.264821,-0.136676,141.602,-1.264821,-0.113165
136.719,-1.270531,-0.14391,136.719,-1.273387,-0.114198
131.836,-1.279097,-0.147011,131.836,-1.281952,-0.108256
126.953,-1.287662,-0.143652,126.953,-1.287662,-0.11239
122.07,-1.293372,-0.141585,122.07,-1.293372,-0.116523
117.188,-1.301938,-0.147527,117.188,-1.301938,-0.110581
112.305,-1.313358,-0.148561,112.305,-1.313358,-0.108514
107.422,-1.319069,-0.142102,107.422,-1.319069,-0.114973
102.539,-1.327634,-0.149853,102.539,-1.327634,-0.115232
97.656,-1.333344,-0.152953,97.656,-1.333344,-0.109031
92.773,-1.339054,-0.147269,92.773,-1.339054,-0.114198
87.891,-1.34762,-0.148044,87.891,-1.34762,-0.116782
83.008,-1.356185,-0.153728,83.008,-1.356185,-0.110839
78.125,-1.361895,-0.152953,78.125,-1.364751,-0.111098
73.242,-1.370461,-0.147011,73.242,-1.373316,-0.116523
68.359,-1.379026,-0.15502,68.359,-1.379026,-0.114456
63.477,-1.387592,-0.157862,63.477,-1.387592,-0.111356
58.594,-1.393302,-0.149594,58.594,-1.396157,-0.116265
53.711,-1.401867,-0.154762,53.711,-1.404722,-0.118332
48.828,-1.410433,-0.158379,48.828,-1.413288,-0.112131
43.945,-1.418998,-0.155795,43.945,-1.421853,-0.11394
39.063,-1.424708,-0.151403,39.063,-1.424708,-0.119107
34.18,-1.436129,-0.15812,34.18,-1.436129,-0.114456
29.297,-1.438984,-0.159929,29.297,-1.441839,-0.11239
24.414,-1.450404,-0.15192,24.414,-1.450404,-0.11859
19.531,-1.456115,-0.159154,19.531,-1.45897,-0.11859
14.648,-1.46468,-0.161996,14.648,-1.467535,-0.111614
9.766,-1.47039,-0.156829,9.766,-1.473245,-0.11704
4.883,-1.478956,-0.15657,4.883,-1.481811,-0.120141
0,0.502502,0.399693,0,0.416849,0.360163
-4.883,0.499647,0.759856,-4.883,0.496792,0.469969
-9.766,0.488227,0.840208,-9.766,0.488227,0.481854
-14.648,0.479661,0.979468,-14.648,0.476806,0.492964
-19.531,0.471096,1.0314,-19.531,0.471096,0.49994
-24.414,0.468241,1.114336,-24.414,0.465386,0.494772
-29.297,0.45682,1.183578,-29.297,0.45682,0.490122
-34.18,0.45111,1.189779,-34.18,0.45111,0.490897
-39.063,0.442545,1.280724,-39.063,0.43969,0.482887
-43.945,0.431124,1.295192,-43.945,0.431124,0.469194
-48.828,0.425414,1.32878,-48.828,0.425414,0.46661
-53.711,0.416849,1.35875,-53.711,0.416849,0.459634
-58.594,0.411138,1.37787,-58.594,0.408283,0.441807
-63.477,0.399718,1.421534,-63.477,0.402573,0.431214
-68.359,0.394008,1.403448,-68.359,0.396863,0.428114
-73.242,0.385442,1.457188,-73.242,0.385442,0.412353
-78.125,0.379732,1.457963,-78.125,0.379732,0.398143
-83.008,0.368311,1.453313,-83.008,0.371166,0.391942
-87.891,0.362601,1.489226,-87.891,0.362601,0.382124
-92.773,0.354036,1.472949,-92.773,0.354036,0.366364
-97.656,0.348325,1.497752,-97.656,0.348325,0.356288
-102.539,0.33976,1.475015,-102.539,0.33976,0.350862
-107.422,0.331195,1.497493,-107.422,0.331195,0.33381
-112.305,0.325484,1.499819,-112.305,0.322629,0.321408
-117.188,0.316919,1.472949,-117.188,0.319774,0.317016
-122.07,0.308354,1.504469,-122.07,0.308354,0.305131
-126.953,0.299788,1.480958,-126.953,0.299788,0.289629
-131.836,0.294078,1.486384,-131.836,0.294078,0.283945
-136.719,0.282658,1.47424,-136.719,0.282658,0.275936
-141.602,0.276947,1.468298,-141.602,0.276947,0.26095
-146.484,0.268382,1.472432,-146.484,0.268382,0.249582
-151.367,0.262672,1.437294,-151.367,0.262672,0.246482
-156.25,0.254106,1.460547,-156.25,0.251251,0.233822
-161.133,0.245541,1.437294,-161.133,0.245541,0.220645
-166.016,0.236976,1.417658,-166.016,0.236976,0.217028
-170.898,0.231265,1.423342,-170.898,0.22841,0.210052
-175.781,0.2227,1.402414,-175.781,0.219845,0.196359
-180.664,0.21699,1.406031,-180.664,0.21699,0.188349
-185.547,0.205569,1.371152,-185.547,0.205569,0.186024
-190.43,0.202714,1.382262,-190.43,0.199859,0.172847
-195.313,0.191293,1.363918,-195.313,0.191293,0.162771
-200.195,0.182728,1.33188,-200.195,0.179873,0.161996
-205.078,0.177018,1.344799,-205.078,0.177018,0.153987
-209.961,0.168452,1.317153,-209.961,0.165597,0.141585
-214.844,0.159887,1.310177,-214.844,0.159887,0.138485
-219.727,0.151322,1.287441,-219.727,0.151322,0.134609
-224.609,0.145611,1.284341,-224.609,0.142756,0.122724
-229.492,0.137046,1.272973,-229.492,0.134191,0.113681
-234.375,0.131336,1.23706,-234.375,0.128481,0.114456
-239.258,0.12277,1.24972,-239.258,0.119915,0.107222
-244.141,0.114205,1.224141,-244.141,0.114205,0.094821
-249.023,0.10564,1.206056,-249.023,0.102785,0.094304
-253.906,0.099929,1.194429,-253.906,0.097074,0.09172
-258.789,0.094219,1.180736,-258.789,0.088509,0.080869
-263.672,0.082799,1.172726,-263.672,0.082799,0.074926
-268.555,0.077088,1.138105,-268.555,0.074233,0.075443
-273.438,0.068523,1.146631,-273.438,0.068523,0.066142
-278.32,0.059958,1.124412,-278.32,0.057103,0.058649
-283.203,0.054247,1.097542,-283.203,0.051392,0.059683
-288.086,0.042827,1.096767,-288.086,0.042827,0.056324
-292.969,0.037117,1.073772,-292.969,0.034262,0.045214
-297.852,0.028551,1.066796,-297.852,0.025696,0.043406
-302.734,0.022841,1.038376,-302.734,0.019986,0.043922
-307.617,0.014276,1.035017,-307.617,0.011421,0.033588
-312.5,0.00571,1.022357,-312.5,0.00571,0.027387
-317.383,-0.002855,0.991353,-317.383,-0.002855,0.031004
-322.266,-0.008565,0.995229,-322.266,-0.011421,0.025062
-327.148,-0.017131,0.973009,-327.148,-0.019986,0.016535
-332.031,-0.022841,0.959057,-332.031,-0.022841,0.018086
-336.914,-0.034262,0.93968,-336.914,-0.034262,0.017052
-341.797,-0.039972,0.93012,-341.797,-0.042827,0.007751
-346.68,-0.048537,0.920302,-346.68,-0.051392,0.003359
-351.563,-0.057103,0.890332,-351.563,-0.057103,0.006976
-356.445,-0.065668,0.893949,-356.445,-0.065668,0.000258
-361.328,-0.074233,0.87483,-361.328,-0.074233,-0.006718
-366.211,-0.079944,0.855194,-366.211,-0.082799,-0.004134
-371.094,-0.091364,0.846926,-371.094,-0.091364,-0.004909
-375.977,-0.094219,0.830391,-375.977,-0.097074,-0.013435
-380.859,-0.102785,0.821089,-380.859,-0.10564,-0.015244
-385.742,-0.11135,0.793961,-385.742,-0.11135,-0.011368
-390.625,-0.119915,0.794219,-390.625,-0.12277,-0.019894
-395.508,-0.125626,0.779492,-395.508,-0.125626,-0.024545
-400.391,-0.134191,0.751589,-400.391,-0.134191,-0.020411
-405.273,-0.142756,0.753397,-405.273,-0.142756,-0.022995
-410.156,-0.151322,0.73557,-410.156,-0.151322,-0.029971
-415.039,-0.159887,0.724719,-415.039,-0.157032,-0.029712
-419.922,-0.168452,0.703533,-419.922,-0.168452,-0.028679
-424.805,-0.177018,0.698624,-424.805,-0.177018,-0.035138
-429.688,-0.182728,0.686739,-429.688,-0.182728,-0.039013
-434.57,-0.191293,0.660385,-434.57,-0.191293,-0.035396
-439.453,-0.197004,0.662194,-439.453,-0.197004,-0.039788
-444.336,-0.208424,0.646692,-444.336,-0.205569,-0.045214
-449.219,-0.214135,0.627573,-449.219,-0.214135,-0.041855
-454.102,-0.2227,0.617755,-454.102,-0.2227,-0.041855
-458.984,-0.22841,0.60897,-458.984,-0.22841,-0.050123
-463.867,-0.239831,0.596827,-463.867,-0.239831,-0.050898
-468.75,-0.245541,0.574349,-468.75,-0.245541,-0.045473
-473.633,-0.248396,0.575899,-473.633,-0.251251,-0.052448
-478.516,-0.259817,0.561172,-478.516,-0.259817,-0.057357
-483.398,-0.268382,0.540503,-483.398,-0.268382,-0.051932
-488.281,-0.274092,0.537403,-488.281,-0.276947,-0.053999
-493.164,-0.285513,0.524484,-493.164,-0.285513,-0.059683
-498.047,-0.291223,0.513116,-498.047,-0.291223,-0.057874
-502.93,-0.299788,0.494514,-502.93,-0.299788,-0.057099
-507.813,-0.305499,0.493739,-507.813,-0.308354,-0.062008
-512.695,-0.316919,0.480562,-512.695,-0.316919,-0.0664
-517.578,-0.322629,0.459893,-517.578,-0.322629,-0.058908
-522.461,-0.331195,0.459634,-522.461,-0.331195,-0.062266
-527.344,-0.336905,0.448008,-527.344,-0.336905,-0.070017
-532.227,-0.34547,0.433281,-532.227,-0.34547,-0.065108
-537.109,-0.351181,0.420621,-537.109,-0.351181,-0.06485
-541.992,-0.362601,0.416487,-541.992,-0.362601,-0.070276
-546.875,-0.371166,0.404861,-546.875,-0.368311,-0.073118
-551.758,-0.376877,0.386517,-551.758,-0.376877,-0.067692
-556.641,-0.382587,0.386517,-556.641,-0.382587,-0.073118
-561.523,-0.391152,0.376699,-561.523,-0.391152,-0.077252
-566.406,-0.399718,0.360422,-566.406,-0.396863,-0.070792
-571.289,-0.408283,0.353962,-571.289,-0.408283,-0.072601
-576.172,-0.416849,0.346728,-576.172,-0.413993,-0.078543
-581.055,-0.425414,0.336135,-581.055,-0.422559,-0.076993
-585.938,-0.431124,0.3196,-585.938,-0.431124,-0.073118
-590.82,-0.43969,0.318824,-590.82,-0.436834,-0.078802
-595.703,-0.448255,0.309782,-595.703,-0.448255,-0.083194
-600.586,-0.453965,0.292729,-600.586,-0.453965,-0.076735
-605.469,-0.462531,0.289629,-605.469,-0.462531,-0.078027
-610.352,-0.471096,0.282653,-610.352,-0.468241,-0.084486
-615.234,-0.479661,0.269993,-615.234,-0.476806,-0.081127
-620.117,-0.485372,0.256817,-620.117,-0.485372,-0.079319
-625,-0.493937,0.256558,-625,-0.493937,-0.085261
-629.883,-0.499647,0.245965,-629.883,-0.499647,-0.086294
-634.766,-0.508213,0.229946,-634.766,-0.508213,-0.080352
-639.648,-0.516778,0.22943,-639.648,-0.516778,-0.085519
-644.531,-0.525343,0.22297,-644.531,-0.522488,-0.089912
-649.414,-0.533909,0.208244,-649.414,-0.531054,-0.083969
-654.297,-0.539619,0.201009,-654.297,-0.539619,-0.082677
-659.18,-0.548184,0.199201,-659.18,-0.548184,-0.089653
-664.063,-0.55675,0.188349,-664.063,-0.553895,-0.089395
-668.945,-0.565315,0.174398,-668.945,-0.565315,-0.083711
-673.828,-0.571025,0.175173,-673.828,-0.56817,-0.089912
-678.711,-0.579591,0.168713,-678.711,-0.576736,-0.092754
-683.594,-0.588156,0.15347,-683.594,-0.585301,-0.086811
-688.477,-0.593866,0.150369,-688.477,-0.593866,-0.087328
-693.359,-0.602432,0.147527,-693.359,-0.602432,-0.093787
-698.242,-0.610997,0.135126,-698.242,-0.610997,-0.090428
-703.125,-0.616707,0.124533,-703.125,-0.616707,-0.088361
-708.008,-0.625273,0.126341,-708.008,-0.625273,-0.094304
-712.891,-0.633838,0.116523,-712.891,-0.633838,-0.096112
-717.773,-0.639548,0.104897,-717.773,-0.639548,-0.090428
-722.656,-0.648114,0.103605,-722.656,-0.648114,-0.092754
-727.539,-0.656679,0.100763,-727.539,-0.656679,-0.097921
-732.422,-0.662389,0.08862,-732.422,-0.662389,-0.09327
-737.305,-0.67381,0.081127,-737.305,-0.67381,-0.091979
-742.188,-0.67952,0.083194,-742.188,-0.682375,-0.098438
-747.07,-0.688086,0.072343,-747.07,-0.688086,-0.097663
-751.953,-0.699506,0.062266,-751.953,-0.696651,-0.092237
-756.836,-0.705216,0.062525,-756.836,-0.702361,-0.097663
-761.719,-0.710927,0.059424,-761.719,-0.710927,-0.10128
-766.602,-0.719492,0.048315,-766.602,-0.719492,-0.095337
-771.484,-0.725202,0.043406,-771.484,-0.725202,-0.095079
-776.367,-0.733768,0.043922,-776.367,-0.733768,-0.10128
-781.25,-0.742333,0.033588,-781.25,-0.742333,-0.098696
-786.133,-0.748043,0.025062,-786.133,-0.750898,-0.095596
-791.016,-0.756609,0.026612,-791.016,-0.756609,-0.10128
-795.898,-0.765174,0.020928,-795.898,-0.765174,-0.103088
-800.781,-0.770884,0.010851,-800.781,-0.770884,-0.096888
-805.664,-0.782305,0.008268,-805.664,-0.782305,-0.09973
-810.547,-0.788015,0.009043,-810.547,-0.788015,-0.104639
-815.43,-0.79658,-0.00155,-815.43,-0.79658,-0.099471
-820.313,-0.805146,-0.008009,-820.313,-0.805146,-0.097404
-825.195,-0.810856,-0.004651,-825.195,-0.813711,-0.10438
-830.078,-0.822277,-0.012918,-830.078,-0.822277,-0.104897
-834.961,-0.827987,-0.020669,-834.961,-0.825132,-0.099213
-839.844,-0.833697,-0.020669,-839.844,-0.833697,-0.103347
-844.727,-0.842262,-0.020928,-844.727,-0.842262,-0.106447
-849.609,-0.850828,-0.031521,-849.609,-0.850828,-0.10128
-854.492,-0.856538,-0.035655,-854.492,-0.859393,-0.100246
-859.375,-0.867959,-0.032037,-859.375,-0.865103,-0.10593
-864.258,-0.873669,-0.041339,-864.258,-0.873669,-0.10438
-869.141,-0.882234,-0.049348,-869.141,-0.882234,-0.099988
-874.023,-0.893655,-0.046248,-874.023,-0.893655,-0.105414
-878.906,-0.899365,-0.048056,-878.906,-0.899365,-0.107739
-883.789,-0.905075,-0.058133,-883.789,-0.90793,-0.101021
-888.672,-0.913641,-0.059424,-888.672,-0.913641,-0.102313
-893.555,-0.922206,-0.056324,-893.555,-0.922206,-0.107739
-898.438,-0.927916,-0.0664,-898.438,-0.930771,-0.103863
-903.32,-0.936482,-0.071051,-903.32,-0.939337,-0.10128
-908.203,-0.945047,-0.067175,-908.203,-0.945047,-0.107481
-913.086,-0.950757,-0.071568,-913.086,-0.950757,-0.108772
-917.969,-0.959323,-0.079835,-917.969,-0.959323,-0.102313
-922.852,-0.965033,-0.079835,-922.852,-0.965033,-0.106447
-927.734,-0.973598,-0.076477,-927.734,-0.973598,-0.110581
-932.617,-0.982164,-0.086294,-932.617,-0.982164,-0.104897
-937.5,-0.990729,-0.090945,-937.5,-0.990729,-0.103605
-942.383,-0.996439,-0.085003,-942.383,-0.993584,-0.109806
-947.266,-1.00786,-0.09327,-947.266,-1.005005,-0.109031
-952.148,-1.01357,-0.098179,-952.148,-1.010715,-0.103605
-957.031,-1.01928,-0.096112,-957.031,-1.022135,-0.108772
-961.914,-1.030701,-0.095596,-961.914,-1.030701,-0.111614
-966.797,-1.036411,-0.103347,-966.797,-1.036411,-0.105414
-971.68,-1.044976,-0.105155,-971.68,-1.047832,-0.105672
-976.563,-1.053542,-0.099988,-976.563,-1.053542,-0.111614
-981.445,-1.062107,-0.108514,-981.445,-1.062107,-0.107222
-986.328,-1.070673,-0.112906,-986.328,-1.064962,-0.104897
-991.211,-1.076383,-0.108772,-991.211,-1.076383,-0.110323
-996.094,-1.084948,-0.111614,-996.094,-1.082093,-0.111873
-1.001,-1.093514,-0.117815,-1.001,-1.090658,-0.105672
-1.006,-1.099224,-0.117557,-1.006,-1.099224,-0.107739
-1.011,-1.107789,-0.112906,-1.011,-1.107789,-0.112906
-1.016,-1.113499,-0.121949,-1.016,-1.113499,-0.107739
-1.021,-1.122065,-0.125308,-1.021,-1.122065,-0.10593
-1.025,-1.13063,-0.118074,-1.025,-1.13063,-0.112131
-1.03,-1.139196,-0.125049,-1.03,-1.139196,-0.111614
-1.035,-1.144906,-0.128667,-1.035,-1.144906,-0.106189
-1.04,-1.153471,-0.1266,-1.04,-1.156326,-0.111356
-1.045,-1.162037,-0.124016,-1.045,-1.162037,-0.113681
-1.05,-1.170602,-0.131767,-1.05,-1.167747,-0.107739
-1.055,-1.179167,-0.133317,-1.055,-1.179167,-0.107222
-1.06,-1.184878,-0.126858,-1.06,-1.184878,-0.112648
-1.064,-1.193443,-0.134092,-1.064,-1.193443,-0.110323
-1.069,-1.199153,-0.137451,-1.069,-1.199153,-0.106189
-1.074,-1.210574,-0.133317,-1.074,-1.210574,-0.111873
-1.079,-1.216284,-0.133317,-1.079,-1.213429,-0.114456
-1.084,-1.224849,-0.139776,-1.084,-1.224849,-0.107481
-1.089,-1.23056,-0.140035,-1.089,-1.23056,-0.109547
-1.094,-1.239125,-0.134351,-1.094,-1.239125,-0.114456
-1.099,-1.24769,-0.14236,-1.099,-1.24769,-0.110064
-1.104,-1.256256,-0.146236,-1.104,-1.256256,-0.107997
-1.108,-1.264821,-0.139001,-1.108,-1.264821,-0.114198
-1.113,-1.270531,-0.142618,-1.113,-1.270531,-0.114456
-1.118,-1.281952,-0.147527,-1.118,-1.279097,-0.107481
-1.123,-1.287662,-0.145977,-1.123,-1.284807,-0.112648
-1.128,-1.293372,-0.141068,-1.128,-1.290517,-0.115748
-1.133,-1.301938,-0.148561,-1.133,-1.301938,-0.109806
-1.138,-1.310503,-0.151145,-1.138,-1.310503,-0.109031
-1.143,-1.319069,-0.143135,-1.143,-1.316213,-0.114973
-1.147,-1.327634,-0.149594,-1.147,-1.321924,-0.114198
-1.152,-1.333344,-0.153211,-1.152,-1.333344,-0.108514
-1.157,-1.339054,-0.149594,-1.157,-1.339054,-0.113423
-1.162,-1.34762,-0.147011,-1.162,-1.34762,-0.116782
-1.167,-1.356185,-0.153728,-1.167,-1.356185,-0.109547
-1.172,-1.364751,-0.154503,-1.172,-1.364751,-0.110323
-1.177,-1.370461,-0.147786,-1.177,-1.370461,-0.116007
-1.182,-1.381881,-0.155537,-1.182,-1.379026,-0.111873
-1.187,-1.387592,-0.158379,-1.187,-1.387592,-0.109806
-1.191,-1.399012,-0.15192,-1.191,-1.399012,-0.114715
-1.196,-1.404722,-0.153987,-1.196,-1.404722,-0.116007
-1.201,-1.410433,-0.158379,-1.201,-1.410433,-0.110064
-1.206,-1.418998,-0.157087,-1.206,-1.418998,-0.112648
-1.211,-1.424708,-0.150886,-1.211,-1.424708,-0.117298
-1.216,-1.436129,-0.158896,-1.216,-1.433274,-0.111614
-1.221,-1.441839,-0.161221,-1.221,-1.441839,-0.110323
-1.226,-1.447549,-0.153211,-1.226,-1.450404,-0.116523
-1.23,-1.456115,-0.158637,-1.23,-1.456115,-0.115232
-1.235,-1.467535,-0.160962,-1.235,-1.46468,-0.110064
-1.24,-1.473245,-0.158637,-1.24,-1.47039,-0.114973
-1.245,-1.481811,-0.154245,-1.245,-1.481811,-0.118074
-1.25,0.502502,0.38445,-1.25,0.014276,0.251908
-1.255,0.496792,0.713092,-1.255,0.496792,0.471002
-1.26,0.488227,0.832716,-1.26,0.488227,0.483921
-1.265,0.479661,0.971717,-1.265,0.479661,0.496064
-1.27,0.471096,1.004271,-1.27,0.471096,0.502006
-1.274,0.465386,1.113819,-1.274,0.465386,0.495547
-1.279,0.45682,1.163942,-1.279,0.45682,0.490897
-1.284,0.45111,1.184353,-1.284,0.45111,0.492189
-1.289,0.43969,1.272714,-1.289,0.43969,0.482112
-1.294,0.431124,1.278915,-1.294,0.431124,0.470486
-1.299,0.422559,1.332139,-1.299,0.425414,0.467127
-1.304,0.413993,1.347641,-1.304,0.416849,0.459376
-1.309,0.408283,1.378128,-1.309,0.411138,0.443874
-1.313,0.399718,1.410424,-1.313,0.402573,0.433798
-1.318,0.394008,1.394405,-1.318,0.394008,0.429922
-1.323,0.385442,1.454088,-1.323,0.385442,0.413128
-1.328,0.376877,1.44427,-1.328,0.379732,0.399952
-1.333,0.368311,1.459513,-1.333,0.371166,0.395301
-1.338,0.362601,1.473207,-1.338,0.362601,0.383675
-1.343,0.354036,1.470365,-1.343,0.354036,0.367397
-1.348,0.348325,1.493359,-1.348,0.348325,0.358613
-1.353,0.33976,1.467781,-1.353,0.33976,0.35112
-1.357,0.331195,1.501886,-1.357,0.33405,0.33536
-1.362,0.325484,1.489484,-1.362,0.322629,0.322442
-1.367,0.316919,1.471915,-1.367,0.316919,0.318049
-1.372,0.308354,1.49646,-1.372,0.308354,0.306165
-1.377,0.302643,1.474499,-1.377,0.299788,0.290663
-1.382,0.294078,1.485092,-1.382,0.291223,0.28472
-1.387,0.282658,1.461839,-1.387,0.282658,0.276452
-1.392,0.276947,1.474499,-1.392,0.276947,0.261209
-1.396,0.268382,1.467006,-1.396,0.268382,0.251132
-1.401,0.262672,1.433935,-1.401,0.259817,0.247515
-1.406,0.254106,1.45848,-1.406,0.251251,0.234339
-1.411,0.248396,1.431093,-1.411,0.245541,0.222195
-1.416,0.236976,1.425667,-1.416,0.236976,0.218578
-1.421,0.231265,1.412232,-1.421,0.231265,0.211086
-1.426,0.2227,1.405515,-1.426,0.2227,0.196875
-1.431,0.214135,1.402414,-1.431,0.214135,0.1899
-1.436,0.205569,1.365468,-1.436,0.205569,0.186799
-1.44,0.199859,1.383812,-1.44,0.199859,0.173622
-1.445,0.191293,1.359267,-1.445,0.191293,0.163029
-1.45,0.185583,1.338339,-1.45,0.179873,0.162254
-1.455,0.174163,1.336789,-1.455,0.174163,0.154503
-1.46,0.165597,1.313536,-1.46,0.165597,0.14081
-1.465,0.159887,1.31457,-1.465,0.159887,0.138485
-1.47,0.151322,1.280465,-1.47,0.148467,0.134351
-1.475,0.145611,1.289508,-1.475,0.145611,0.122724
-1.479,0.137046,1.270647,-1.479,0.134191,0.114456
-1.484,0.128481,1.237835,-1.484,0.128481,0.114715
-1.489,0.12277,1.246878,-1.489,0.119915,0.106705
-1.494,0.114205,1.220266,-1.494,0.114205,0.095337
-1.499,0.10564,1.212257,-1.499,0.102785,0.095337
-1.504,0.097074,1.186678,-1.504,0.097074,0.091979
-1.509,0.091364,1.179702,-1.509,0.088509,0.080094
-1.514,0.082799,1.170401,-1.514,0.082799,0.075443
-1.519,0.077088,1.136038,-1.519,0.074233,0.076735
-1.523,0.068523,1.144565,-1.523,0.068523,0.065884
-1.528,0.059958,1.120536,-1.528,0.057103,0.058908
-1.533,0.051392,1.104518,-1.533,0.051392,0.060199
-1.538,0.042827,1.091858,-1.538,0.042827,0.054774
-1.543,0.037117,1.074289,-1.543,0.034262,0.045214
-1.548,0.028551,1.067313,-1.548,0.028551,0.044439
-1.553,0.019986,1.034242,-1.553,0.019986,0.043922
-1.558,0.014276,1.038634,-1.558,0.011421,0.033846
-1.563,0.00571,1.019515,-1.563,0.00571,0.028679
-1.567,-0.002855,0.99497,-1.567,-0.002855,0.031521
-1.572,-0.011421,0.992386,-1.572,-0.011421,0.025062
-1.577,-0.019986,0.970684,-1.577,-0.019986,0.016794
-1.582,-0.025696,0.962674,-1.582,-0.025696,0.018344
-1.587,-0.034262,0.935546,-1.587,-0.034262,0.017311
-1.592,-0.039972,0.932962,-1.592,-0.039972,0.008009
-1.597,-0.048537,0.91901,-1.597,-0.051392,0.004909
-1.602,-0.057103,0.887748,-1.602,-0.057103,0.008268
-1.606,-0.065668,0.893174,-1.606,-0.065668,0.000258
-1.611,-0.071378,0.872246,-1.611,-0.074233,-0.005167
-1.616,-0.079944,0.855452,-1.616,-0.079944,-0.002325
-1.621,-0.088509,0.840725,-1.621,-0.091364,-0.004134
-1.626,-0.094219,0.831682,-1.626,-0.097074,-0.012143
-1.631,-0.10564,0.820573,-1.631,-0.10564,-0.013952
-1.636,-0.11135,0.791636,-1.636,-0.11135,-0.011627
-1.641,-0.119915,0.795511,-1.641,-0.11706,-0.019119
-1.646,-0.125626,0.777425,-1.646,-0.125626,-0.02377
-1.65,-0.134191,0.755206,-1.65,-0.137046,-0.019378
-1.655,-0.142756,0.749263,-1.655,-0.142756,-0.022736
-1.66,-0.151322,0.735828,-1.66,-0.151322,-0.030487
-1.665,-0.159887,0.723943,-1.665,-0.159887,-0.027904
-1.67,-0.165597,0.700174,-1.67,-0.168452,-0.027904
-1.675,-0.177018,0.701207,-1.675,-0.177018,-0.035655
-1.68,-0.182728,0.685188,-1.68,-0.182728,-0.038238
-1.685,-0.191293,0.66116,-1.685,-0.191293,-0.033588
-1.689,-0.197004,0.661419,-1.689,-0.197004,-0.039013
-1.694,-0.208424,0.645142,-1.694,-0.208424,-0.044439
-1.699,-0.214135,0.631965,-1.699,-0.214135,-0.040564
-1.704,-0.2227,0.614396,-1.704,-0.2227,-0.040822
-1.709,-0.22841,0.609487,-1.709,-0.231265,-0.048315
-1.714,-0.236976,0.597344,-1.714,-0.236976,-0.048315
-1.719,-0.242686,0.574608,-1.719,-0.245541,-0.044697
-1.724,-0.251251,0.576158,-1.724,-0.251251,-0.051157
-1.729,-0.259817,0.561172,-1.729,-0.262672,-0.055549
-1.733,-0.265527,0.544637,-1.733,-0.265527,-0.050382
-1.738,-0.276947,0.533269,-1.738,-0.274092,-0.051932
-1.743,-0.285513,0.525259,-1.743,-0.285513,-0.059683
-1.748,-0.291223,0.514408,-1.748,-0.291223,-0.056582
-1.753,-0.299788,0.49348,-1.753,-0.299788,-0.05529
-1.758,-0.305499,0.493739,-1.758,-0.305499,-0.062266
-1.763,-0.316919,0.482112,-1.763,-0.314064,-0.06485
-1.768,-0.319774,0.463251,-1.768,-0.322629,-0.059683
-1.772,-0.331195,0.458601,-1.772,-0.331195,-0.064592
-1.777,-0.336905,0.447491,-1.777,-0.33976,-0.069501
-1.782,-0.34547,0.435865,-1.782,-0.34547,-0.065108
-1.787,-0.351181,0.418812,-1.787,-0.356891,-0.064333
-1.792,-0.359746,0.416745,-1.792,-0.359746,-0.071051
-1.797,-0.365456,0.406411,-1.797,-0.365456,-0.071309
-1.802,-0.374022,0.387033,-1.802,-0.376877,-0.0664
-1.807,-0.382587,0.385741,-1.807,-0.382587,-0.072343
-1.812,-0.391152,0.376182,-1.812,-0.391152,-0.07596
-1.816,-0.396863,0.362747,-1.816,-0.399718,-0.070792
-1.821,-0.408283,0.350604,-1.821,-0.408283,-0.071051
-1.826,-0.413993,0.347245,-1.826,-0.413993,-0.07751
-1.831,-0.422559,0.335877,-1.831,-0.422559,-0.075443
-1.836,-0.431124,0.318308,-1.836,-0.433979,-0.072343
-1.841,-0.436834,0.319083,-1.841,-0.43969,-0.078285
-1.846,-0.4454,0.31004,-1.846,-0.448255,-0.081127
-1.851,-0.453965,0.292729,-1.851,-0.453965,-0.075185
-1.855,-0.462531,0.288337,-1.855,-0.465386,-0.077768
-1.86,-0.468241,0.282912,-1.86,-0.468241,-0.083452
-1.865,-0.479661,0.270768,-1.865,-0.479661,-0.07906
-1.87,-0.485372,0.256558,-1.87,-0.485372,-0.07751
-1.875,-0.491082,0.257592,-1.875,-0.493937,-0.083969
-1.88,-0.499647,0.248549,-1.88,-0.499647,-0.085519
-1.885,-0.508213,0.231755,-1.885,-0.508213,-0.079835
-1.89,-0.516778,0.229946,-1.89,-0.516778,-0.085003
-1.895,-0.525343,0.224004,-1.895,-0.525343,-0.088878
-1.899,-0.531054,0.210052,-1.899,-0.533909,-0.083452
-1.904,-0.539619,0.199976,-1.904,-0.539619,-0.083194
-1.909,-0.548184,0.199717,-1.909,-0.548184,-0.089395
-1.914,-0.553895,0.188349,-1.914,-0.55675,-0.087586
-1.919,-0.56246,0.175689,-1.919,-0.565315,-0.084744
-1.924,-0.571025,0.174914,-1.924,-0.571025,-0.090687
-1.929,-0.576736,0.16923,-1.929,-0.576736,-0.093012
-1.934,-0.585301,0.156312,-1.934,-0.585301,-0.086811
-1.938,-0.591011,0.149078,-1.938,-0.593866,-0.088361
-1.943,-0.602432,0.148302,-1.943,-0.602432,-0.095337
-1.948,-0.610997,0.137193,-1.948,-0.610997,-0.091203
-1.953,-0.616707,0.125825,-1.953,-0.616707,-0.088878
-1.958,-0.622418,0.126341,-1.958,-0.625273,-0.094821
-1.963,-0.630983,0.119624,-1.963,-0.633838,-0.096112
-1.968,-0.639548,0.107481,-1.968,-0.639548,-0.09017
-1.973,-0.648114,0.104122,-1.973,-0.648114,-0.093529
-1.978,-0.656679,0.101538,-1.978,-0.659534,-0.098179
-1.982,-0.662389,0.09017,-1.982,-0.662389,-0.093012
-1.987,-0.670955,0.081644,-1.987,-0.67381,-0.09172
-1.992,-0.67952,0.082677,-1.992,-0.682375,-0.097921
-1.997,-0.688086,0.07441,-1.997,-0.688086,-0.097404
-2.002,-0.693796,0.063817,-2.002,-0.696651,-0.092495
-2.007,-0.702361,0.062783,-2.007,-0.705216,-0.097921
-2.012,-0.708071,0.060716,-2.012,-0.710927,-0.100763
-2.017,-0.719492,0.048573,-2.017,-0.719492,-0.094304
-2.021,-0.725202,0.042372,-2.021,-0.728057,-0.095079
-2.026,-0.733768,0.044956,-2.026,-0.736623,-0.100505
-2.031,-0.739478,0.034621,-2.031,-0.739478,-0.096888
-2.036,-0.748043,0.026612,-2.036,-0.748043,-0.094562
-2.041,-0.753753,0.02687,-2.041,-0.756609,-0.100505
-2.046,-0.762319,0.024028,-2.046,-0.765174,-0.102313
-2.051,-0.770884,0.013177,-2.051,-0.770884,-0.096112
-2.056,-0.782305,0.00956,-2.056,-0.782305,-0.09973
-2.061,-0.788015,0.010593,-2.061,-0.788015,-0.10438
-2.065,-0.79658,0.000258,-2.065,-0.79658,-0.099213
-2.07,-0.805146,-0.007234,-2.07,-0.805146,-0.097146
-2.075,-0.810856,-0.004392,-2.075,-0.810856,-0.103347
-2.08,-0.816566,-0.00956,-2.08,-0.819421,-0.103863
-2.085,-0.825132,-0.019636,-2.085,-0.827987,-0.097404
-2.09,-0.830842,-0.020669,-2.09,-0.833697,-0.10283
-2.095,-0.842262,-0.019636,-2.095,-0.842262,-0.106189
-2.1,-0.850828,-0.031521,-2.1,-0.850828,-0.099471
-2.104,-0.856538,-0.036171,-2.104,-0.859393,-0.099213
-2.109,-0.865103,-0.031779,-2.109,-0.865103,-0.105155
-2.114,-0.873669,-0.040305,-2.114,-0.870814,-0.103605
-2.119,-0.882234,-0.047023,-2.119,-0.882234,-0.09973
-2.124,-0.8908,-0.046764,-2.124,-0.8908,-0.105155
-2.129,-0.89651,-0.046248,-2.129,-0.89651,-0.107739
-2.134,-0.905075,-0.056066,-2.134,-0.90793,-0.101021
-2.139,-0.913641,-0.059941,-2.139,-0.913641,-0.103088
-2.144,-0.919351,-0.056066,-2.144,-0.922206,-0.109031
-2.148,-0.927916,-0.065625,-2.148,-0.930771,-0.104897
-2.153,-0.936482,-0.070792,-2.153,-0.936482,-0.103088
-2.158,-0.942192,-0.068209,-2.158,-0.945047,-0.109289
-2.163,-0.950757,-0.071051,-2.163,-0.953612,-0.110064
-2.168,-0.959323,-0.078285,-2.168,-0.959323,-0.103863
-2.173,-0.965033,-0.07906,-2.173,-0.965033,-0.108256
-2.178,-0.973598,-0.076735,-2.178,-0.976453,-0.111614
-2.183,-0.979308,-0.085778,-2.183,-0.982164,-0.106447
-2.188,-0.987874,-0.089912,-2.188,-0.990729,-0.105414
-2.192,-0.993584,-0.084744,-2.192,-0.999294,-0.111356
-2.197,-1.005005,-0.091203,-2.197,-1.005005,-0.109289
-2.202,-1.010715,-0.096112,-2.202,-1.01357,-0.104639
-2.207,-1.01928,-0.096112,-2.207,-1.022135,-0.110064
-2.212,-1.027846,-0.093529,-2.212,-1.030701,-0.11239
-2.217,-1.036411,-0.102313,-2.217,-1.036411,-0.105414
-2.222,-1.044976,-0.105155,-2.222,-1.044976,-0.105414
-2.227,-1.053542,-0.098954,-2.227,-1.056397,-0.111873
-2.231,-1.062107,-0.107481,-2.231,-1.062107,-0.107222
-2.236,-1.064962,-0.111098,-2.236,-1.070673,-0.10438
-2.241,-1.076383,-0.108256,-2.241,-1.076383,-0.110839
-2.246,-1.082093,-0.108514,-2.246,-1.084948,-0.111873
-2.251,-1.090658,-0.11549,-2.251,-1.093514,-0.105672
-2.256,-1.099224,-0.116782,-2.256,-1.099224,-0.109289
-2.261,-1.104934,-0.112648,-2.261,-1.107789,-0.112131
-2.266,-1.113499,-0.120916,-2.266,-1.113499,-0.107222
-2.271,-1.122065,-0.124274,-2.271,-1.12492,-0.105672
-2.275,-1.127775,-0.118849,-2.275,-1.13063,-0.111614
-2.28,-1.13634,-0.121691,-2.28,-1.139196,-0.110581
-2.285,-1.144906,-0.126858,-2.285,-1.144906,-0.104897
-2.29,-1.153471,-0.127375,-2.29,-1.153471,-0.110323
-2.295,-1.162037,-0.122724,-2.295,-1.162037,-0.112648
-2.3,-1.167747,-0.132025,-2.3,-1.170602,-0.106705
-2.305,-1.179167,-0.134351,-2.305,-1.179167,-0.106447
-2.31,-1.184878,-0.127375,-2.31,-1.184878,-0.11239
-2.314,-1.193443,-0.133834,-2.314,-1.193443,-0.109547
-2.319,-1.199153,-0.137451,-2.319,-1.202008,-0.106189
-2.324,-1.207719,-0.134867,-2.324,-1.210574,-0.111614
-2.329,-1.216284,-0.132284,-2.329,-1.216284,-0.113423
-2.334,-1.224849,-0.139001,-2.334,-1.224849,-0.106964
-2.339,-1.23056,-0.140551,-2.339,-1.23056,-0.109547
-2.344,-1.239125,-0.133834,-2.344,-1.239125,-0.114198
-2.349,-1.24769,-0.14236,-2.349,-1.24769,-0.108514
-2.354,-1.253401,-0.144944,-2.354,-1.256256,-0.106705
-2.358,-1.261966,-0.140551,-2.358,-1.264821,-0.113165
-2.363,-1.270531,-0.140551,-2.363,-1.270531,-0.113681
-2.368,-1.279097,-0.147269,-2.368,-1.281952,-0.106964
-2.373,-1.287662,-0.146752,-2.373,-1.287662,-0.111873
-2.378,-1.293372,-0.141327,-2.378,-1.293372,-0.114973
-2.383,-1.301938,-0.149336,-2.383,-1.301938,-0.108514
-2.388,-1.307648,-0.151145,-2.388,-1.310503,-0.108256
-2.393,-1.316213,-0.145202,-2.393,-1.319069,-0.11394
-2.397,-1.324779,-0.149853,-2.397,-1.324779,-0.111098
-2.402,-1.333344,-0.152436,-2.402,-1.333344,-0.107739
-2.407,-1.339054,-0.151661,-2.407,-1.339054,-0.112648
-2.412,-1.34762,-0.147011,-2.412,-1.34762,-0.115232
-2.417,-1.35333,-0.154245,-2.417,-1.35333,-0.108514
-2.422,-1.361895,-0.155795,-2.422,-1.364751,-0.110064
-2.427,-1.370461,-0.147786,-2.427,-1.373316,-0.116523
-2.432,-1.379026,-0.155278,-2.432,-1.379026,-0.111614
-2.437,-1.387592,-0.157862,-2.437,-1.387592,-0.108514
-2.441,-1.393302,-0.154245,-2.441,-1.396157,-0.114198
-2.446,-1.401867,-0.152178,-2.446,-1.404722,-0.11549
-2.451,-1.410433,-0.157345,-2.451,-1.410433,-0.108772
-2.456,-1.418998,-0.15812,-2.456,-1.418998,-0.112648
-2.461,-1.424708,-0.15192,-2.461,-1.424708,-0.116265
-2.466,-1.436129,-0.159154,-2.466,-1.433274,-0.111098
-2.471,-1.438984,-0.160446,-2.471,-1.438984,-0.109031
-2.476,-1.450404,-0.154245,-2.476,-1.450404,-0.11549
-2.48,-1.456115,-0.156312,-2.48,-1.456115,-0.114198
-2.485,-1.46468,-0.160704,-2.485,-1.46468,-0.109031
-2.49,-1.47039,-0.159154,-2.49,-1.47039,-0.114715
-2.495,-1.481811,-0.153987,-2.495,-1.476101,-0.11704
