TIME s, IN1D,IN2D,TIME sT,IN1T, IN2T
2.5,0.502502,0.539211,2.5,0.502502,0.436123
2.495,0.493937,0.878705,2.495,0.493937,0.490638
2.49,0.488227,1.099867,2.49,0.488227,0.510274
2.485,0.476806,1.173243,2.485,0.479661,0.523968
2.48,0.471096,1.395697,2.48,0.471096,0.538695
2.476,0.465386,1.449179,2.476,0.465386,0.536111
2.471,0.45682,1.553042,2.471,0.45682,0.532235
2.466,0.45111,1.662331,2.466,0.448255,0.535077
2.461,0.43969,1.705995,2.461,0.43969,0.530168
2.456,0.431124,1.812184,2.456,0.431124,0.517509
2.451,0.422559,1.827428,2.451,0.422559,0.511308
2.446,0.416849,1.93465,2.446,0.413993,0.505365
2.441,0.408283,1.957386,2.441,0.408283,0.490638
2.437,0.399718,1.975213,2.437,0.399718,0.476687
2.432,0.394008,2.06745,2.432,0.394008,0.472036
2.427,0.382587,2.057374,2.427,0.385442,0.459376
2.422,0.376877,2.11654,2.422,0.379732,0.440257
2.417,0.368311,2.11654,2.417,0.368311,0.433798
2.412,0.362601,2.11654,2.412,0.365456,0.423721
2.407,0.354036,2.11654,2.407,0.354036,0.406152
2.402,0.348325,2.11654,2.402,0.348325,0.392201
2.397,0.336905,2.11654,2.397,0.342615,0.386258
2.393,0.331195,2.11654,2.393,0.33405,0.370239
2.388,0.322629,2.11654,2.388,0.322629,0.353446
2.383,0.316919,2.11654,2.383,0.316919,0.347503
2.378,0.308354,2.11654,2.378,0.308354,0.337427
2.373,0.299788,2.11654,2.373,0.296933,0.318308
2.368,0.294078,2.11654,2.368,0.294078,0.309007
2.363,0.285513,2.11654,2.363,0.282658,0.302547
2.358,0.276947,2.11654,2.358,0.276947,0.285237
2.354,0.268382,2.11654,2.354,0.268382,0.271802
2.349,0.262672,2.11654,2.349,0.259817,0.267926
2.344,0.251251,2.11654,2.344,0.251251,0.255525
2.339,0.245541,2.11654,2.339,0.245541,0.240023
2.334,0.236976,2.11654,2.334,0.236976,0.234339
2.329,0.231265,2.11654,2.329,0.231265,0.227104
2.324,0.2227,2.11654,2.324,0.219845,0.211086
2.319,0.21699,2.114731,2.319,0.214135,0.200751
2.314,0.205569,2.11654,2.314,0.205569,0.198426
2.31,0.194149,2.097421,2.31,0.197004,0.184732
2.305,0.188438,2.094579,2.305,0.191293,0.172331
2.3,0.179873,2.065125,2.3,0.182728,0.169489
2.295,0.174163,2.051173,2.295,0.174163,0.162513
2.29,0.165597,2.046006,2.29,0.165597,0.148561
2.285,0.159887,1.994591,2.285,0.159887,0.141068
2.28,0.151322,2.015002,2.28,0.148467,0.139001
2.275,0.142756,1.973922,2.275,0.142756,0.1266
2.271,0.134191,1.951702,2.271,0.134191,0.11704
2.266,0.128481,1.944209,2.266,0.128481,0.116265
2.261,0.12277,1.907521,2.261,0.12277,0.109547
2.256,0.114205,1.904421,2.256,0.114205,0.097146
2.251,0.108495,1.854815,2.251,0.102785,0.093787
2.246,0.099929,1.861532,2.246,0.097074,0.090945
2.241,0.088509,1.83027,2.241,0.088509,0.080094
2.236,0.082799,1.792548,2.236,0.082799,0.072084
2.231,0.074233,1.79539,2.231,0.074233,0.073118
2.227,0.068523,1.752501,2.227,0.068523,0.065625
2.222,0.059958,1.743975,2.222,0.057103,0.05529
2.217,0.051392,1.705479,2.217,0.051392,0.055032
2.212,0.042827,1.693335,2.212,0.042827,0.05219
2.207,0.037117,1.673441,2.207,0.037117,0.041597
2.202,0.025696,1.625385,2.202,0.025696,0.036946
2.197,0.019986,1.634686,2.197,0.019986,0.038497
2.192,0.011421,1.594381,2.192,0.011421,0.029712
2.188,0.00571,1.568027,2.188,0.00571,0.02222
2.183,-0.002855,1.550975,2.183,-0.002855,0.024286
2.178,-0.011421,1.525914,2.178,-0.011421,0.021444
2.173,-0.019986,1.511187,2.173,-0.019986,0.011885
2.168,-0.025696,1.465714,2.168,-0.025696,0.010335
2.163,-0.034262,1.469331,2.163,-0.034262,0.010593
2.158,-0.039972,1.43471,2.158,-0.042827,0.00155
2.153,-0.048537,1.399314,2.153,-0.051392,-0.004392
2.148,-0.057103,1.394147,2.148,-0.057103,-0.000775
2.144,-0.065668,1.361593,2.144,-0.065668,-0.004651
2.139,-0.074233,1.344282,2.139,-0.074233,-0.013952
2.134,-0.079944,1.309144,2.134,-0.079944,-0.012143
2.129,-0.088509,1.303202,2.129,-0.091364,-0.012402
2.124,-0.097074,1.275298,2.124,-0.097074,-0.021444
2.119,-0.10564,1.23706,2.119,-0.10564,-0.024803
2.114,-0.11135,1.237835,2.114,-0.11135,-0.020928
2.109,-0.119915,1.20373,2.109,-0.12277,-0.027645
2.104,-0.128481,1.182803,2.104,-0.128481,-0.033071
2.1,-0.134191,1.158516,2.1,-0.137046,-0.029971
2.095,-0.142756,1.144048,2.095,-0.142756,-0.030229
2.09,-0.151322,1.12157,2.09,-0.154177,-0.038755
2.085,-0.157032,1.085657,2.085,-0.162742,-0.040047
2.08,-0.165597,1.085398,2.08,-0.168452,-0.036171
2.075,-0.177018,1.054394,2.075,-0.179873,-0.043406
2.07,-0.182728,1.028299,2.07,-0.182728,-0.048056
2.065,-0.191293,1.013831,2.065,-0.194149,-0.043664
2.061,-0.199859,0.989544,2.061,-0.199859,-0.045731
2.056,-0.208424,0.973267,2.056,-0.211279,-0.053482
2.051,-0.214135,0.941747,2.051,-0.21699,-0.051157
2.046,-0.2227,0.935029,2.046,-0.225555,-0.050123
2.041,-0.22841,0.912293,2.041,-0.231265,-0.057099
2.036,-0.239831,0.882839,2.036,-0.239831,-0.060199
2.031,-0.245541,0.875863,2.031,-0.245541,-0.055032
2.026,-0.251251,0.850802,2.026,-0.254106,-0.059941
2.021,-0.259817,0.832716,2.021,-0.259817,-0.065625
2.017,-0.265527,0.808171,2.017,-0.268382,-0.06175
2.012,-0.276947,0.796803,2.012,-0.276947,-0.060975
2.007,-0.285513,0.776909,2.007,-0.285513,-0.068209
2.002,-0.291223,0.749005,2.002,-0.291223,-0.069759
1.997,-0.299788,0.743838,1.997,-0.299788,-0.064592
1.992,-0.305499,0.721618,1.992,-0.308354,-0.070534
1.987,-0.316919,0.70069,1.987,-0.316919,-0.074668
1.982,-0.322629,0.684413,1.982,-0.322629,-0.069242
1.978,-0.331195,0.669428,1.978,-0.331195,-0.070276
1.973,-0.336905,0.651342,1.973,-0.336905,-0.076993
1.968,-0.348325,0.624989,1.968,-0.348325,-0.07441
1.963,-0.356891,0.620597,1.963,-0.356891,-0.072601
1.958,-0.362601,0.600961,1.958,-0.362601,-0.078543
1.953,-0.371166,0.575641,1.953,-0.374022,-0.081386
1.948,-0.379732,0.568148,1.948,-0.379732,-0.075701
1.943,-0.382587,0.551613,1.943,-0.385442,-0.078285
1.938,-0.394008,0.531977,1.938,-0.394008,-0.085261
1.934,-0.399718,0.512858,1.934,-0.399718,-0.08061
1.929,-0.408283,0.506657,1.929,-0.411138,-0.078802
1.924,-0.413993,0.489088,1.924,-0.419704,-0.085261
1.919,-0.425414,0.465318,1.919,-0.425414,-0.086553
1.914,-0.433979,0.460668,1.914,-0.433979,-0.080869
1.909,-0.43969,0.445424,1.909,-0.43969,-0.085778
1.904,-0.448255,0.425013,1.904,-0.448255,-0.089912
1.899,-0.453965,0.41132,1.899,-0.45682,-0.085003
1.895,-0.462531,0.404344,1.895,-0.465386,-0.084228
1.89,-0.471096,0.385225,1.89,-0.471096,-0.090687
1.885,-0.479661,0.367397,1.885,-0.479661,-0.089137
1.88,-0.485372,0.363005,1.88,-0.485372,-0.085261
1.875,-0.496792,0.346986,1.875,-0.496792,-0.091462
1.87,-0.502502,0.329934,1.87,-0.502502,-0.093787
1.865,-0.508213,0.320375,1.865,-0.511068,-0.087845
1.86,-0.516778,0.310557,1.86,-0.519633,-0.089912
1.855,-0.525343,0.294021,1.855,-0.528198,-0.095854
1.851,-0.533909,0.278778,1.851,-0.536764,-0.09172
1.846,-0.542474,0.275677,1.846,-0.542474,-0.09017
1.841,-0.551039,0.259659,1.841,-0.551039,-0.096371
1.836,-0.55675,0.244157,1.836,-0.55675,-0.097921
1.831,-0.565315,0.238214,1.831,-0.565315,-0.092237
1.826,-0.57388,0.228655,1.826,-0.57388,-0.096371
1.821,-0.582446,0.211861,1.821,-0.582446,-0.100246
1.816,-0.588156,0.200493,1.816,-0.588156,-0.095337
1.812,-0.596722,0.197392,1.812,-0.596722,-0.093787
1.807,-0.605287,0.181373,1.807,-0.605287,-0.099988
1.802,-0.613852,0.169489,1.802,-0.610997,-0.099988
1.797,-0.616707,0.16458,1.797,-0.619563,-0.094304
1.792,-0.625273,0.155795,1.792,-0.625273,-0.099471
1.787,-0.633838,0.141327,1.787,-0.633838,-0.102572
1.782,-0.639548,0.1328,1.782,-0.642404,-0.096112
1.777,-0.648114,0.129442,1.777,-0.648114,-0.096888
1.772,-0.656679,0.11394,1.772,-0.659534,-0.103088
1.768,-0.662389,0.103863,1.768,-0.665245,-0.100246
1.763,-0.67381,0.10128,1.763,-0.67381,-0.097146
1.758,-0.682375,0.091462,1.758,-0.682375,-0.102572
1.753,-0.688086,0.079577,1.753,-0.688086,-0.104639
1.748,-0.699506,0.073118,1.748,-0.699506,-0.098696
1.743,-0.705216,0.069759,1.743,-0.705216,-0.101021
1.738,-0.710927,0.055549,1.738,-0.710927,-0.106447
1.733,-0.719492,0.046506,1.733,-0.722347,-0.10128
1.729,-0.725202,0.046248,1.729,-0.728057,-0.09973
1.724,-0.733768,0.03488,1.724,-0.736623,-0.105672
1.719,-0.745188,0.02532,1.719,-0.745188,-0.105672
1.714,-0.750898,0.021703,1.714,-0.750898,-0.099988
1.709,-0.756609,0.018602,1.709,-0.756609,-0.105155
1.704,-0.768029,0.005684,1.704,-0.765174,-0.107739
1.699,-0.770884,-0.000775,1.699,-0.773739,-0.102313
1.694,-0.77945,0.000775,1.694,-0.782305,-0.101538
1.689,-0.788015,-0.011885,1.689,-0.79087,-0.107481
1.685,-0.79658,-0.019119,1.685,-0.79658,-0.105155
1.68,-0.805146,-0.019894,1.68,-0.805146,-0.101538
1.675,-0.810856,-0.024028,1.675,-0.813711,-0.106964
1.67,-0.819421,-0.034104,1.67,-0.822277,-0.108772
1.665,-0.827987,-0.038497,1.665,-0.830842,-0.10283
1.66,-0.833697,-0.037463,1.66,-0.839407,-0.104122
1.655,-0.842262,-0.050898,1.655,-0.845118,-0.110323
1.65,-0.850828,-0.055549,1.65,-0.853683,-0.105414
1.646,-0.856538,-0.054257,1.646,-0.859393,-0.103347
1.641,-0.867959,-0.062266,1.641,-0.867959,-0.109806
1.636,-0.873669,-0.068209,1.636,-0.873669,-0.110581
1.631,-0.882234,-0.070534,1.631,-0.882234,-0.104639
1.626,-0.8908,-0.070017,1.626,-0.893655,-0.109031
1.621,-0.899365,-0.081127,1.621,-0.899365,-0.112131
1.616,-0.905075,-0.084744,1.616,-0.90793,-0.106705
1.611,-0.913641,-0.08061,1.611,-0.916496,-0.105414
1.606,-0.922206,-0.09172,1.606,-0.925061,-0.111098
1.602,-0.930771,-0.094562,1.602,-0.930771,-0.110064
1.597,-0.939337,-0.095337,1.597,-0.939337,-0.104897
1.592,-0.945047,-0.096112,1.592,-0.947902,-0.110581
1.587,-0.953612,-0.103605,1.587,-0.953612,-0.112906
1.582,-0.959323,-0.107222,1.582,-0.959323,-0.107222
1.577,-0.967888,-0.10283,1.577,-0.967888,-0.107997
1.572,-0.976453,-0.113423,1.572,-0.976453,-0.113165
1.567,-0.982164,-0.116265,1.567,-0.982164,-0.109289
1.563,-0.990729,-0.113423,1.563,-0.990729,-0.106705
1.558,-0.999294,-0.117557,1.558,-1.002149,-0.112131
1.553,-1.005005,-0.122983,1.553,-1.00786,-0.11394
1.548,-1.01357,-0.124274,1.548,-1.016425,-0.107222
1.543,-1.022135,-0.121174,1.543,-1.022135,-0.110839
1.538,-1.030701,-0.130992,1.538,-1.030701,-0.115232
1.533,-1.039266,-0.133317,1.533,-1.039266,-0.109289
1.528,-1.047832,-0.127633,1.528,-1.047832,-0.107739
1.523,-1.056397,-0.135643,1.523,-1.056397,-0.113681
1.519,-1.062107,-0.138226,1.519,-1.062107,-0.11394
1.514,-1.073528,-0.137968,1.514,-1.070673,-0.107739
1.509,-1.079238,-0.136159,1.509,-1.079238,-0.112648
1.504,-1.084948,-0.144169,1.504,-1.084948,-0.11549
1.499,-1.093514,-0.14546,1.499,-1.093514,-0.109547
1.494,-1.099224,-0.138743,1.494,-1.102079,-0.109547
1.489,-1.107789,-0.148819,1.489,-1.110644,-0.115232
1.484,-1.116355,-0.150111,1.484,-1.11921,-0.111873
1.479,-1.12492,-0.147269,1.479,-1.12492,-0.109031
1.475,-1.13063,-0.147527,1.475,-1.13063,-0.114198
1.47,-1.139196,-0.15347,1.47,-1.142051,-0.116007
1.465,-1.144906,-0.153987,1.465,-1.147761,-0.110064
1.46,-1.156326,-0.149336,1.46,-1.156326,-0.111356
1.455,-1.164892,-0.158637,1.455,-1.164892,-0.11704
1.45,-1.170602,-0.159412,1.45,-1.170602,-0.111873
1.445,-1.179167,-0.154245,1.445,-1.182022,-0.109289
1.44,-1.184878,-0.158637,1.44,-1.187733,-0.11549
1.436,-1.196298,-0.162254,1.436,-1.199153,-0.11549
1.431,-1.202008,-0.161479,1.431,-1.207719,-0.109547
1.426,-1.210574,-0.156829,1.426,-1.210574,-0.114198
1.421,-1.216284,-0.165871,1.421,-1.219139,-0.117557
1.416,-1.227705,-0.166905,1.416,-1.227705,-0.111614
1.411,-1.23056,-0.159929,1.411,-1.233415,-0.110839
1.406,-1.24198,-0.167938,1.406,-1.24198,-0.11704
1.401,-1.250546,-0.168197,1.401,-1.250546,-0.115232
1.396,-1.256256,-0.166647,1.396,-1.256256,-0.110839
1.392,-1.267676,-0.165096,1.392,-1.267676,-0.116265
1.387,-1.273387,-0.170264,1.387,-1.273387,-0.118332
1.382,-1.281952,-0.171039,1.382,-1.281952,-0.111873
1.377,-1.287662,-0.165355,1.377,-1.290517,-0.113165
1.372,-1.296228,-0.174139,1.372,-1.299083,-0.118074
1.367,-1.301938,-0.174398,1.367,-1.304793,-0.11394
1.362,-1.313358,-0.169489,1.362,-1.313358,-0.111873
1.357,-1.319069,-0.172072,1.357,-1.319069,-0.117298
1.353,-1.327634,-0.174656,1.353,-1.330489,-0.11859
1.348,-1.333344,-0.174398,1.348,-1.333344,-0.11239
1.343,-1.34191,-0.16923,1.343,-1.34191,-0.116523
1.338,-1.350475,-0.177498,1.338,-1.350475,-0.119882
1.333,-1.356185,-0.178015,1.333,-1.356185,-0.114456
1.328,-1.364751,-0.170264,1.328,-1.367606,-0.112648
1.323,-1.373316,-0.178273,1.323,-1.376171,-0.11859
1.318,-1.381881,-0.178273,1.318,-1.379026,-0.118074
1.313,-1.390447,-0.176464,1.313,-1.390447,-0.112131
1.309,-1.399012,-0.173881,1.309,-1.399012,-0.117298
1.304,-1.404722,-0.180082,1.304,-1.404722,-0.120399
1.299,-1.413288,-0.180082,1.299,-1.416143,-0.11394
1.294,-1.421853,-0.172847,1.294,-1.421853,-0.114456
1.289,-1.424708,-0.18189,1.289,-1.427563,-0.120399
1.284,-1.436129,-0.18189,1.284,-1.436129,-0.11704
1.279,-1.441839,-0.177756,1.279,-1.444694,-0.113681
1.274,-1.45326,-0.178273,1.274,-1.450404,-0.118849
1.27,-1.45897,-0.18189,1.27,-1.456115,-0.120657
1.265,-1.46468,-0.181632,1.265,-1.467535,-0.11394
1.26,-1.473245,-0.175689,1.26,-1.473245,-0.116523
1.255,-1.481811,-0.184732,1.255,-1.481811,-0.121174
1.25,0.502502,0.5126,1.25,0.502502,0.433798
1.245,0.493937,0.89369,1.245,0.496792,0.489088
1.24,0.488227,1.094183,1.24,0.488227,0.508724
1.235,0.482516,1.187195,1.235,0.476806,0.524743
1.23,0.471096,1.395439,1.23,0.471096,0.537661
1.226,0.465386,1.443236,1.226,0.465386,0.535336
1.221,0.45682,1.556401,1.221,0.45682,0.531719
1.216,0.45111,1.653288,1.216,0.448255,0.534044
1.211,0.442545,1.710129,1.211,0.442545,0.52991
1.206,0.431124,1.818902,1.206,0.431124,0.5157
1.201,0.425414,1.822519,1.201,0.425414,0.510791
1.196,0.416849,1.939042,1.196,0.416849,0.505107
1.191,0.411138,1.95196,1.191,0.411138,0.49038
1.187,0.402573,1.980122,1.187,0.402573,0.47617
1.182,0.394008,2.062283,1.182,0.396863,0.472036
1.177,0.385442,2.058149,1.177,0.385442,0.459893
1.172,0.379732,2.11654,1.172,0.379732,0.440257
1.167,0.371166,2.112923,1.167,0.368311,0.433539
1.162,0.365456,2.11654,1.162,0.362601,0.423721
1.157,0.354036,2.11654,1.157,0.354036,0.404086
1.152,0.348325,2.11654,1.152,0.348325,0.391426
1.147,0.342615,2.11654,1.147,0.33976,0.385741
1.143,0.33405,2.11654,1.143,0.331195,0.368173
1.138,0.325484,2.11654,1.138,0.325484,0.353187
1.133,0.316919,2.11654,1.133,0.316919,0.347245
1.128,0.308354,2.11654,1.128,0.308354,0.33536
1.123,0.299788,2.11654,1.123,0.299788,0.318049
1.118,0.294078,2.11654,1.118,0.294078,0.307973
1.113,0.282658,2.11654,1.113,0.285513,0.302289
1.108,0.276947,2.11654,1.108,0.276947,0.284978
1.104,0.265527,2.11654,1.104,0.268382,0.271285
1.099,0.262672,2.11654,1.099,0.262672,0.267151
1.094,0.254106,2.11654,1.094,0.251251,0.255266
1.089,0.245541,2.11654,1.089,0.245541,0.239506
1.084,0.236976,2.11654,1.084,0.236976,0.233563
1.079,0.231265,2.11654,1.079,0.231265,0.225296
1.074,0.219845,2.11654,1.074,0.2227,0.210827
1.069,0.214135,2.11654,1.069,0.214135,0.199976
1.064,0.205569,2.11654,1.064,0.205569,0.196875
1.06,0.199859,2.098971,1.06,0.199859,0.184991
1.055,0.191293,2.101296,1.055,0.191293,0.172072
1.05,0.185583,2.069,1.05,0.182728,0.168713
1.045,0.177018,2.058408,1.045,0.177018,0.162254
1.04,0.165597,2.047814,1.04,0.165597,0.148561
1.035,0.159887,1.997691,1.035,0.159887,0.14081
1.03,0.151322,2.019136,1.03,0.151322,0.139001
1.025,0.145611,1.974697,1.025,0.142756,0.126858
1.021,0.137046,1.959711,1.021,0.137046,0.11704
1.016,0.128481,1.942918,1.016,0.128481,0.116007
1.011,0.12277,1.912172,1.011,0.12277,0.109806
1.006,0.114205,1.907005,1.006,0.11135,0.097921
1.001,0.10564,1.856365,1.001,0.10564,0.094045
996.094,0.097074,1.867216,996.094,0.097074,0.091203
991.211,0.088509,1.830786,991.211,0.088509,0.080352
986.328,0.082799,1.791256,986.328,0.082799,0.072084
981.445,0.074233,1.796424,981.445,0.074233,0.073376
976.563,0.068523,1.755085,976.563,0.065668,0.065884
971.68,0.057103,1.743458,971.68,0.057103,0.054774
966.797,0.051392,1.705479,966.797,0.051392,0.055032
961.914,0.042827,1.699795,961.914,0.042827,0.052707
957.031,0.037117,1.674733,957.031,0.037117,0.041597
952.148,0.025696,1.62771,952.148,0.025696,0.036946
947.266,0.019986,1.636753,947.266,0.019986,0.038497
942.383,0.011421,1.595673,942.383,0.011421,0.029971
937.5,0.00571,1.573712,937.5,0.00571,0.02222
932.617,-0.002855,1.5502,932.617,-0.002855,0.024028
927.734,-0.008565,1.530564,927.734,-0.011421,0.021703
922.852,-0.019986,1.511445,922.852,-0.019986,0.01111
917.969,-0.025696,1.466748,917.969,-0.025696,0.010076
913.086,-0.034262,1.471915,913.086,-0.034262,0.011368
908.203,-0.042827,1.435485,908.203,-0.042827,0.001809
903.32,-0.048537,1.404223,903.32,-0.048537,-0.003876
898.438,-0.054247,1.39363,898.438,-0.057103,-0.000258
893.555,-0.065668,1.360559,893.555,-0.065668,-0.004909
888.672,-0.074233,1.347382,888.672,-0.074233,-0.013435
883.789,-0.079944,1.308627,883.789,-0.079944,-0.011627
878.906,-0.088509,1.306819,878.906,-0.091364,-0.011885
874.023,-0.097074,1.27659,874.023,-0.097074,-0.020669
869.141,-0.10564,1.239902,869.141,-0.10564,-0.024286
864.258,-0.11135,1.238093,864.258,-0.11135,-0.020928
859.375,-0.119915,1.20373,859.375,-0.12277,-0.027387
854.492,-0.128481,1.185386,854.492,-0.128481,-0.033329
849.609,-0.134191,1.156449,849.609,-0.137046,-0.029971
844.727,-0.142756,1.140947,844.727,-0.142756,-0.030487
839.844,-0.151322,1.121311,839.844,-0.151322,-0.038755
834.961,-0.159887,1.08514,834.961,-0.162742,-0.040564
830.078,-0.168452,1.082815,830.078,-0.168452,-0.036688
825.195,-0.177018,1.052586,825.195,-0.177018,-0.043664
820.313,-0.182728,1.029591,820.313,-0.182728,-0.048573
815.43,-0.194149,1.013056,815.43,-0.194149,-0.043922
810.547,-0.199859,0.990061,810.547,-0.199859,-0.045989
805.664,-0.208424,0.973267,805.664,-0.208424,-0.053224
800.781,-0.214135,0.939421,800.781,-0.214135,-0.050898
795.898,-0.2227,0.935287,795.898,-0.2227,-0.050382
791.016,-0.22841,0.910743,791.016,-0.22841,-0.056582
786.133,-0.239831,0.883356,786.133,-0.239831,-0.060199
781.25,-0.245541,0.874055,781.25,-0.245541,-0.055032
776.367,-0.251251,0.849251,776.367,-0.251251,-0.059166
771.484,-0.259817,0.832716,771.484,-0.259817,-0.065108
766.602,-0.268382,0.805587,766.602,-0.268382,-0.061491
761.719,-0.276947,0.796803,761.719,-0.276947,-0.060716
756.836,-0.285513,0.77665,756.836,-0.285513,-0.06795
751.953,-0.291223,0.746163,751.953,-0.294078,-0.068984
747.07,-0.299788,0.742804,747.07,-0.299788,-0.064075
742.188,-0.308354,0.720585,742.188,-0.305499,-0.070276
737.305,-0.316919,0.69759,737.305,-0.316919,-0.07441
732.422,-0.322629,0.68183,732.422,-0.322629,-0.069759
727.539,-0.331195,0.66917,727.539,-0.33405,-0.070017
722.656,-0.33976,0.649534,722.656,-0.33976,-0.076993
717.773,-0.348325,0.624472,717.773,-0.348325,-0.074926
712.891,-0.354036,0.620855,712.891,-0.356891,-0.072601
708.008,-0.362601,0.600703,708.008,-0.362601,-0.078543
703.125,-0.368311,0.576416,703.125,-0.371166,-0.082161
698.242,-0.376877,0.567115,698.242,-0.376877,-0.075701
693.359,-0.382587,0.551871,693.359,-0.382587,-0.078027
688.477,-0.394008,0.532235,688.477,-0.394008,-0.085261
683.594,-0.399718,0.511824,683.594,-0.399718,-0.08061
678.711,-0.408283,0.507174,678.711,-0.408283,-0.079319
673.828,-0.419704,0.487021,673.828,-0.416849,-0.086294
668.945,-0.425414,0.465318,668.945,-0.425414,-0.08707
664.063,-0.433979,0.459634,664.063,-0.433979,-0.081386
659.18,-0.43969,0.443616,659.18,-0.43969,-0.086811
654.297,-0.448255,0.42553,654.297,-0.448255,-0.09017
649.414,-0.45682,0.409511,649.414,-0.453965,-0.085519
644.531,-0.465386,0.402277,644.531,-0.465386,-0.084744
639.648,-0.471096,0.383933,639.648,-0.471096,-0.090945
634.766,-0.479661,0.366364,634.766,-0.479661,-0.09017
629.883,-0.485372,0.361713,629.883,-0.485372,-0.085519
625,-0.496792,0.346986,625,-0.496792,-0.091462
620.117,-0.502502,0.329676,620.117,-0.502502,-0.094562
615.234,-0.508213,0.318566,615.234,-0.508213,-0.088361
610.352,-0.516778,0.31004,610.352,-0.516778,-0.089395
605.469,-0.525343,0.293763,605.469,-0.525343,-0.095596
600.586,-0.533909,0.278261,600.586,-0.533909,-0.092237
595.703,-0.542474,0.273869,595.703,-0.542474,-0.089912
590.82,-0.551039,0.260434,590.82,-0.551039,-0.095596
585.938,-0.55675,0.244673,585.938,-0.55675,-0.097146
581.055,-0.565315,0.236922,581.055,-0.56817,-0.091203
576.172,-0.571025,0.228396,576.172,-0.571025,-0.095079
571.289,-0.576736,0.212377,571.289,-0.579591,-0.09973
566.406,-0.588156,0.199459,566.406,-0.588156,-0.094304
561.523,-0.593866,0.196875,561.523,-0.596722,-0.092754
556.641,-0.602432,0.182149,556.641,-0.602432,-0.099213
551.758,-0.610997,0.168972,551.758,-0.613852,-0.099471
546.875,-0.616707,0.163804,546.875,-0.619563,-0.093529
541.992,-0.625273,0.155795,541.992,-0.625273,-0.099213
537.109,-0.633838,0.140551,537.109,-0.633838,-0.102313
532.227,-0.639548,0.13125,532.227,-0.642404,-0.096112
527.344,-0.648114,0.129442,527.344,-0.648114,-0.096629
522.461,-0.656679,0.114715,522.461,-0.656679,-0.10283
517.578,-0.665245,0.10283,517.578,-0.665245,-0.09973
512.695,-0.67381,0.100505,512.695,-0.67381,-0.097146
507.813,-0.682375,0.091979,507.813,-0.67952,-0.10283
502.93,-0.688086,0.078543,502.93,-0.688086,-0.104639
498.047,-0.699506,0.072859,498.047,-0.699506,-0.098438
493.164,-0.705216,0.069759,493.164,-0.705216,-0.100505
488.281,-0.710927,0.05374,488.281,-0.710927,-0.106189
483.398,-0.719492,0.045473,483.398,-0.719492,-0.10128
478.516,-0.725202,0.045214,478.516,-0.725202,-0.099213
473.633,-0.733768,0.035913,473.633,-0.733768,-0.105155
468.75,-0.742333,0.024803,468.75,-0.742333,-0.10593
463.867,-0.750898,0.021186,463.867,-0.750898,-0.09973
458.984,-0.756609,0.019119,458.984,-0.756609,-0.10438
454.102,-0.768029,0.005167,454.102,-0.765174,-0.107997
449.219,-0.773739,-0.001292,449.219,-0.770884,-0.102572
444.336,-0.782305,0.001033,444.336,-0.77945,-0.101796
439.453,-0.79087,-0.013177,439.453,-0.78516,-0.107997
434.57,-0.79658,-0.018861,434.57,-0.79658,-0.106447
429.688,-0.805146,-0.020669,429.688,-0.805146,-0.102055
424.805,-0.813711,-0.025062,424.805,-0.813711,-0.107739
419.922,-0.822277,-0.034621,419.922,-0.819421,-0.109806
415.039,-0.827987,-0.039788,415.039,-0.827987,-0.103347
410.156,-0.839407,-0.038497,410.156,-0.836552,-0.105155
405.273,-0.845118,-0.050898,405.273,-0.842262,-0.110323
400.391,-0.853683,-0.055549,400.391,-0.850828,-0.10593
395.508,-0.859393,-0.054515,395.508,-0.859393,-0.103863
390.625,-0.867959,-0.06175,390.625,-0.867959,-0.109547
385.742,-0.873669,-0.068467,385.742,-0.873669,-0.110839
380.859,-0.882234,-0.070792,380.859,-0.882234,-0.104639
375.977,-0.893655,-0.070276,375.977,-0.893655,-0.108256
371.094,-0.899365,-0.081386,371.094,-0.899365,-0.111873
366.211,-0.90793,-0.085519,366.211,-0.90793,-0.106705
361.328,-0.913641,-0.081644,361.328,-0.913641,-0.105672
356.445,-0.922206,-0.091979,356.445,-0.922206,-0.111356
351.563,-0.930771,-0.095854,351.563,-0.930771,-0.111098
346.68,-0.939337,-0.096629,346.68,-0.939337,-0.105155
341.797,-0.945047,-0.096888,341.797,-0.945047,-0.110581
336.914,-0.950757,-0.105672,336.914,-0.953612,-0.113165
332.031,-0.962178,-0.108256,332.031,-0.962178,-0.106705
327.148,-0.967888,-0.103605,327.148,-0.965033,-0.106964
322.266,-0.973598,-0.114715,322.266,-0.973598,-0.112648
317.383,-0.985019,-0.117815,317.383,-0.985019,-0.108772
312.5,-0.990729,-0.114973,312.5,-0.990729,-0.106705
307.617,-0.996439,-0.117557,307.617,-0.999294,-0.111614
302.734,-1.005005,-0.123499,302.734,-1.005005,-0.113681
297.852,-1.01357,-0.125308,297.852,-1.01357,-0.106964
292.969,-1.022135,-0.122207,292.969,-1.022135,-0.110064
288.086,-1.030701,-0.131767,288.086,-1.030701,-0.114715
283.203,-1.039266,-0.134092,283.203,-1.036411,-0.109289
278.32,-1.047832,-0.129442,278.32,-1.047832,-0.107481
273.438,-1.053542,-0.135126,273.438,-1.056397,-0.113423
268.555,-1.062107,-0.138743,268.555,-1.062107,-0.113165
263.672,-1.070673,-0.139001,263.672,-1.070673,-0.107222
258.789,-1.076383,-0.136159,258.789,-1.079238,-0.112131
253.906,-1.084948,-0.144685,253.906,-1.084948,-0.115232
249.023,-1.093514,-0.146494,249.023,-1.093514,-0.109031
244.141,-1.099224,-0.140293,244.141,-1.099224,-0.108514
239.258,-1.107789,-0.149594,239.258,-1.110644,-0.114456
234.375,-1.113499,-0.150628,234.375,-1.113499,-0.111356
229.492,-1.122065,-0.148819,229.492,-1.12492,-0.107997
224.609,-1.13063,-0.147786,224.609,-1.13063,-0.112906
219.727,-1.139196,-0.153728,219.727,-1.139196,-0.11549
214.844,-1.144906,-0.154762,214.844,-1.144906,-0.109031
209.961,-1.153471,-0.149078,209.961,-1.153471,-0.110323
205.078,-1.162037,-0.158896,205.078,-1.162037,-0.116007
200.195,-1.170602,-0.159671,200.195,-1.170602,-0.111614
195.313,-1.179167,-0.155537,195.313,-1.179167,-0.109547
190.43,-1.184878,-0.159154,190.43,-1.187733,-0.11549
185.547,-1.196298,-0.161996,185.547,-1.193443,-0.115748
180.664,-1.202008,-0.161738,180.664,-1.202008,-0.109806
175.781,-1.210574,-0.157345,175.781,-1.210574,-0.114198
170.898,-1.216284,-0.165871,170.898,-1.216284,-0.117298
166.016,-1.224849,-0.166647,166.016,-1.224849,-0.111873
161.133,-1.233415,-0.159154,161.133,-1.233415,-0.110581
156.25,-1.24198,-0.16768,156.25,-1.24198,-0.116523
151.367,-1.24769,-0.16768,151.367,-1.24769,-0.115232
146.484,-1.256256,-0.166647,146.484,-1.256256,-0.110064
141.602,-1.267676,-0.164063,141.602,-1.267676,-0.114973
136.719,-1.270531,-0.170005,136.719,-1.273387,-0.117815
131.836,-1.279097,-0.171297,131.836,-1.281952,-0.111614
126.953,-1.287662,-0.164063,126.953,-1.287662,-0.112131
122.07,-1.293372,-0.172847,122.07,-1.293372,-0.117815
117.188,-1.301938,-0.172847,117.188,-1.304793,-0.113681
112.305,-1.313358,-0.168713,112.305,-1.313358,-0.111098
107.422,-1.319069,-0.170264,107.422,-1.319069,-0.116265
102.539,-1.327634,-0.174139,102.539,-1.324779,-0.118074
97.656,-1.333344,-0.173881,97.656,-1.333344,-0.111356
92.773,-1.339054,-0.168197,92.773,-1.34191,-0.114973
87.891,-1.350475,-0.176981,87.891,-1.350475,-0.119107
83.008,-1.356185,-0.177498,83.008,-1.356185,-0.113423
78.125,-1.364751,-0.170522,78.125,-1.364751,-0.111873
73.242,-1.373316,-0.176464,73.242,-1.373316,-0.117815
68.359,-1.379026,-0.178015,68.359,-1.379026,-0.118332
63.477,-1.387592,-0.176981,63.477,-1.390447,-0.111614
58.594,-1.396157,-0.172847,58.594,-1.399012,-0.11704
53.711,-1.404722,-0.18034,53.711,-1.404722,-0.119624
48.828,-1.413288,-0.18034,48.828,-1.413288,-0.113165
43.945,-1.418998,-0.173106,43.945,-1.418998,-0.112906
39.063,-1.424708,-0.181632,39.063,-1.427563,-0.119107
34.18,-1.436129,-0.18189,34.18,-1.436129,-0.115748
29.297,-1.441839,-0.178273,29.297,-1.444694,-0.112906
24.414,-1.450404,-0.17724,24.414,-1.450404,-0.118074
19.531,-1.456115,-0.18189,19.531,-1.456115,-0.120399
14.648,-1.46468,-0.181632,14.648,-1.467535,-0.113681
9.766,-1.47039,-0.175173,9.766,-1.473245,-0.115232
4.883,-1.481811,-0.184215,4.883,-1.481811,-0.121174
0,0.502502,0.483404,0,0.502502,0.430956
-4.883,0.493937,0.909709,-4.883,0.496792,0.489088
-9.766,0.488227,1.08669,-9.766,0.488227,0.509241
-14.648,0.479661,1.187195,-14.648,0.479661,0.524743
-19.531,0.471096,1.391563,-19.531,0.471096,0.538436
-24.414,0.465386,1.43626,-24.414,0.465386,0.536369
-29.297,0.45682,1.563118,-29.297,0.45682,0.531977
-34.18,0.45111,1.640112,-34.18,0.45111,0.534561
-39.063,0.43969,1.712713,-39.063,0.442545,0.530168
-43.945,0.431124,1.812442,-43.945,0.431124,0.516992
-48.828,0.425414,1.813476,-48.828,0.425414,0.510791
-53.711,0.416849,1.935683,-53.711,0.416849,0.506399
-58.594,0.408283,1.952994,-58.594,0.411138,0.489863
-63.477,0.399718,1.981673,-63.477,0.402573,0.477203
-68.359,0.394008,2.048331,-68.359,0.396863,0.473069
-73.242,0.385442,2.053757,-73.242,0.388297,0.459118
-78.125,0.379732,2.11654,-78.125,0.379732,0.442065
-83.008,0.368311,2.100004,-83.008,0.371166,0.434831
-87.891,0.362601,2.11654,-87.891,0.362601,0.42398
-92.773,0.354036,2.11654,-92.773,0.354036,0.405894
-97.656,0.348325,2.11654,-97.656,0.348325,0.392976
-102.539,0.33976,2.11654,-102.539,0.33976,0.387033
-107.422,0.33405,2.11654,-107.422,0.33405,0.369981
-112.305,0.322629,2.11654,-112.305,0.325484,0.354479
-117.188,0.319774,2.11654,-117.188,0.316919,0.34802
-122.07,0.308354,2.11654,-122.07,0.308354,0.33691
-126.953,0.302643,2.11654,-126.953,0.302643,0.319341
-131.836,0.294078,2.11654,-131.836,0.294078,0.308231
-136.719,0.282658,2.11654,-136.719,0.282658,0.302289
-141.602,0.276947,2.11654,-141.602,0.276947,0.28627
-146.484,0.268382,2.11654,-146.484,0.268382,0.272577
-151.367,0.262672,2.11654,-151.367,0.262672,0.267668
-156.25,0.254106,2.11654,-156.25,0.256961,0.256558
-161.133,0.245541,2.11654,-161.133,0.248396,0.241056
-166.016,0.236976,2.11654,-166.016,0.236976,0.23408
-170.898,0.231265,2.11654,-170.898,0.231265,0.226588
-175.781,0.2227,2.11654,-175.781,0.2227,0.211861
-180.664,0.214135,2.11654,-180.664,0.21699,0.200751
-185.547,0.205569,2.11654,-185.547,0.205569,0.197651
-190.43,0.199859,2.090703,-190.43,0.199859,0.186799
-195.313,0.188438,2.097162,-195.313,0.191293,0.173364
-200.195,0.179873,2.056857,-200.195,0.185583,0.169747
-205.078,0.174163,2.055565,-205.078,0.177018,0.163288
-209.961,0.168452,2.037997,-209.961,0.168452,0.149336
-214.844,0.159887,1.987873,-214.844,0.162742,0.141327
-219.727,0.151322,2.011385,-219.727,0.151322,0.139776
-224.609,0.142756,1.965137,-224.609,0.145611,0.127633
-229.492,0.137046,1.947827,-229.492,0.137046,0.117557
-234.375,0.128481,1.929999,-234.375,0.128481,0.116265
-239.258,0.12277,1.90778,-239.258,0.119915,0.110581
-244.141,0.114205,1.897703,-244.141,0.11135,0.097404
-249.023,0.10564,1.847064,-249.023,0.10564,0.094304
-253.906,0.099929,1.861532,-253.906,0.097074,0.091979
-258.789,0.088509,1.820969,-258.789,0.088509,0.081386
-263.672,0.082799,1.787639,-263.672,0.082799,0.072601
-268.555,0.074233,1.785831,-268.555,0.074233,0.073635
-273.438,0.068523,1.749659,-273.438,0.068523,0.067434
-278.32,0.057103,1.739066,-278.32,0.057103,0.055807
-283.203,0.051392,1.695919,-283.203,0.051392,0.055807
-288.086,0.042827,1.697211,-288.086,0.042827,0.053224
-292.969,0.034262,1.666723,-292.969,0.034262,0.041597
-297.852,0.025696,1.62306,-297.852,0.028551,0.037205
-302.734,0.019986,1.629519,-302.734,0.019986,0.039272
-307.617,0.011421,1.587922,-307.617,0.011421,0.029712
-312.5,0.00571,1.571128,-312.5,0.00571,0.022736
-317.383,-0.002855,1.540382,-317.383,0,0.024028
-322.266,-0.011421,1.521263,-322.266,-0.011421,0.020928
-327.148,-0.019986,1.504986,-327.148,-0.017131,0.011627
-332.031,-0.025696,1.460547,-332.031,-0.025696,0.009301
-336.914,-0.034262,1.466489,-336.914,-0.034262,0.01111
-341.797,-0.039972,1.428251,-341.797,-0.042827,0.001809
-346.68,-0.048537,1.402156,-346.68,-0.051392,-0.003876
-351.563,-0.054247,1.385104,-351.563,-0.054247,-0.000775
-356.445,-0.065668,1.3572,-356.445,-0.065668,-0.004651
-361.328,-0.074233,1.343507,-361.328,-0.071378,-0.013435
-366.211,-0.079944,1.303202,-366.211,-0.079944,-0.011627
-371.094,-0.088509,1.300101,-371.094,-0.088509,-0.011885
-375.977,-0.097074,1.272198,-375.977,-0.097074,-0.020153
-380.859,-0.10564,1.23861,-380.859,-0.102785,-0.024286
-385.742,-0.11135,1.232926,-385.742,-0.11135,-0.020669
-390.625,-0.119915,1.200113,-390.625,-0.119915,-0.026095
-395.508,-0.128481,1.18487,-395.508,-0.128481,-0.032813
-400.391,-0.137046,1.153091,-400.391,-0.134191,-0.029712
-405.273,-0.142756,1.140689,-405.273,-0.142756,-0.030229
-410.156,-0.151322,1.12002,-410.156,-0.151322,-0.038497
-415.039,-0.162742,1.084365,-415.039,-0.162742,-0.040822
-419.922,-0.168452,1.082298,-419.922,-0.168452,-0.03643
-424.805,-0.177018,1.052069,-424.805,-0.177018,-0.043664
-429.688,-0.182728,1.031658,-429.688,-0.182728,-0.048056
-434.57,-0.194149,1.009955,-434.57,-0.194149,-0.044181
-439.453,-0.199859,0.991353,-439.453,-0.199859,-0.045214
-444.336,-0.208424,0.973267,-444.336,-0.205569,-0.052965
-449.219,-0.214135,0.938905,-449.219,-0.214135,-0.051673
-454.102,-0.2227,0.936838,-454.102,-0.2227,-0.05064
-458.984,-0.22841,0.911518,-458.984,-0.22841,-0.057357
-463.867,-0.236976,0.881547,-463.867,-0.239831,-0.060716
-468.75,-0.245541,0.874055,-468.75,-0.245541,-0.055549
-473.633,-0.251251,0.850802,-473.633,-0.251251,-0.058908
-478.516,-0.259817,0.831166,-478.516,-0.259817,-0.066142
-483.398,-0.265527,0.805587,-483.398,-0.265527,-0.062266
-488.281,-0.276947,0.799128,-488.281,-0.276947,-0.061233
-493.164,-0.285513,0.775875,-493.164,-0.285513,-0.068467
-498.047,-0.291223,0.747713,-498.047,-0.291223,-0.069759
-502.93,-0.299788,0.743838,-502.93,-0.299788,-0.064592
-507.813,-0.305499,0.721618,-507.813,-0.305499,-0.070017
-512.695,-0.316919,0.699915,-512.695,-0.314064,-0.074151
-517.578,-0.322629,0.681313,-517.578,-0.319774,-0.069759
-522.461,-0.331195,0.670978,-522.461,-0.331195,-0.069501
-527.344,-0.336905,0.650051,-527.344,-0.336905,-0.076735
-532.227,-0.34547,0.624989,-532.227,-0.34547,-0.07596
-537.109,-0.354036,0.621372,-537.109,-0.354036,-0.072084
-541.992,-0.359746,0.600186,-541.992,-0.362601,-0.078543
-546.875,-0.368311,0.578483,-546.875,-0.368311,-0.081644
-551.758,-0.376877,0.56634,-551.758,-0.376877,-0.075701
-556.641,-0.382587,0.550579,-556.641,-0.382587,-0.078027
-561.523,-0.394008,0.534044,-561.523,-0.391152,-0.083711
-566.406,-0.399718,0.512083,-566.406,-0.396863,-0.079835
-571.289,-0.408283,0.50614,-571.289,-0.408283,-0.078802
-576.172,-0.416849,0.48883,-576.172,-0.413993,-0.085003
-581.055,-0.422559,0.467385,-581.055,-0.422559,-0.086553
-585.938,-0.431124,0.460409,-585.938,-0.431124,-0.081386
-590.82,-0.43969,0.444391,-590.82,-0.43969,-0.085778
-595.703,-0.448255,0.42708,-595.703,-0.448255,-0.089653
-600.586,-0.453965,0.410286,-600.586,-0.453965,-0.085003
-605.469,-0.462531,0.403569,-605.469,-0.462531,-0.083969
-610.352,-0.468241,0.386258,-610.352,-0.471096,-0.090687
-615.234,-0.476806,0.367914,-615.234,-0.479661,-0.090945
-620.117,-0.485372,0.361972,-620.117,-0.485372,-0.085519
-625,-0.493937,0.348795,-625,-0.493937,-0.091203
-629.883,-0.499647,0.330968,-629.883,-0.499647,-0.094045
-634.766,-0.508213,0.319083,-634.766,-0.508213,-0.087845
-639.648,-0.516778,0.311849,-639.648,-0.516778,-0.089137
-644.531,-0.525343,0.295313,-644.531,-0.525343,-0.095596
-649.414,-0.533909,0.278261,-649.414,-0.533909,-0.091979
-654.297,-0.539619,0.275161,-654.297,-0.539619,-0.090428
-659.18,-0.551039,0.262242,-659.18,-0.551039,-0.095596
-664.063,-0.553895,0.245707,-664.063,-0.55675,-0.098179
-668.945,-0.565315,0.237439,-668.945,-0.565315,-0.091979
-673.828,-0.571025,0.22943,-673.828,-0.571025,-0.094821
-678.711,-0.576736,0.213669,-678.711,-0.576736,-0.09973
-683.594,-0.588156,0.199717,-683.594,-0.585301,-0.095079
-688.477,-0.593866,0.197134,-688.477,-0.593866,-0.093529
-693.359,-0.602432,0.183957,-693.359,-0.602432,-0.09973
-698.242,-0.610997,0.168713,-698.242,-0.610997,-0.100246
-703.125,-0.616707,0.164063,-703.125,-0.616707,-0.094304
-708.008,-0.622418,0.156829,-708.008,-0.622418,-0.100246
-712.891,-0.633838,0.14081,-712.891,-0.633838,-0.103088
-717.773,-0.639548,0.131509,-717.773,-0.639548,-0.097663
-722.656,-0.648114,0.129958,-722.656,-0.648114,-0.097146
-727.539,-0.656679,0.11394,-727.539,-0.659534,-0.103605
-732.422,-0.662389,0.103347,-732.422,-0.665245,-0.101021
-737.305,-0.670955,0.100246,-737.305,-0.67381,-0.097404
-742.188,-0.682375,0.09327,-742.188,-0.682375,-0.102572
-747.07,-0.688086,0.078802,-747.07,-0.690941,-0.104897
-751.953,-0.696651,0.072343,-751.953,-0.696651,-0.098696
-756.836,-0.702361,0.070534,-756.836,-0.702361,-0.100246
-761.719,-0.710927,0.055032,-761.719,-0.710927,-0.106447
-766.602,-0.719492,0.046764,-766.602,-0.719492,-0.101538
-771.484,-0.725202,0.046506,-771.484,-0.725202,-0.09973
-776.367,-0.733768,0.035913,-776.367,-0.736623,-0.105672
-781.25,-0.739478,0.026095,-781.25,-0.742333,-0.107222
-786.133,-0.748043,0.021961,-786.133,-0.748043,-0.09973
-791.016,-0.756609,0.018861,-791.016,-0.756609,-0.105672
-795.898,-0.765174,0.005684,-795.898,-0.765174,-0.107739
-800.781,-0.773739,-0.001033,-800.781,-0.770884,-0.102572
-805.664,-0.782305,0.000517,-805.664,-0.782305,-0.101796
-810.547,-0.79087,-0.012402,-810.547,-0.788015,-0.106964
-815.43,-0.79658,-0.018602,-815.43,-0.79658,-0.107481
-820.313,-0.805146,-0.021186,-820.313,-0.805146,-0.101021
-825.195,-0.813711,-0.024028,-825.195,-0.810856,-0.107222
-830.078,-0.822277,-0.034363,-830.078,-0.822277,-0.109289
-834.961,-0.827987,-0.040047,-834.961,-0.827987,-0.103347
-839.844,-0.836552,-0.037722,-839.844,-0.836552,-0.10438
-844.727,-0.842262,-0.050382,-844.727,-0.842262,-0.109806
-849.609,-0.853683,-0.05529,-849.609,-0.850828,-0.106705
-854.492,-0.859393,-0.054515,-854.492,-0.859393,-0.103347
-859.375,-0.867959,-0.059683,-859.375,-0.867959,-0.109289
-864.258,-0.876524,-0.067175,-864.258,-0.873669,-0.110581
-869.141,-0.885089,-0.070534,-869.141,-0.882234,-0.103863
-874.023,-0.893655,-0.069501,-874.023,-0.893655,-0.107481
-878.906,-0.899365,-0.080869,-878.906,-0.89651,-0.111873
-883.789,-0.90793,-0.085261,-883.789,-0.90793,-0.106447
-888.672,-0.913641,-0.081902,-888.672,-0.913641,-0.104897
-893.555,-0.922206,-0.090428,-893.555,-0.922206,-0.110839
-898.438,-0.930771,-0.095337,-898.438,-0.930771,-0.110323
-903.32,-0.939337,-0.096371,-903.32,-0.936482,-0.104639
-908.203,-0.945047,-0.095854,-908.203,-0.945047,-0.109289
-913.086,-0.950757,-0.10593,-913.086,-0.953612,-0.113165
-917.969,-0.959323,-0.108772,-917.969,-0.959323,-0.106447
-922.852,-0.965033,-0.103863,-922.852,-0.965033,-0.107222
-927.734,-0.976453,-0.114456,-927.734,-0.973598,-0.112131
-932.617,-0.985019,-0.117298,-932.617,-0.982164,-0.109031
-937.5,-0.990729,-0.11549,-937.5,-0.990729,-0.106964
-942.383,-1.002149,-0.116265,-942.383,-0.996439,-0.111614
-947.266,-1.00786,-0.124016,-947.266,-1.005005,-0.114198
-952.148,-1.016425,-0.125308,-952.148,-1.01357,-0.107481
-957.031,-1.022135,-0.121691,-957.031,-1.022135,-0.109289
-961.914,-1.033556,-0.132025,-961.914,-1.030701,-0.115232
-966.797,-1.039266,-0.133834,-966.797,-1.036411,-0.110064
-971.68,-1.047832,-0.1297,-971.68,-1.047832,-0.108256
-976.563,-1.056397,-0.135901,-976.563,-1.053542,-0.114198
-981.445,-1.062107,-0.138743,-981.445,-1.062107,-0.114456
-986.328,-1.070673,-0.138743,-986.328,-1.073528,-0.108256
-991.211,-1.076383,-0.135901,-991.211,-1.079238,-0.112131
-996.094,-1.084948,-0.144944,-996.094,-1.084948,-0.116007
-1.001,-1.093514,-0.146494,-1.001,-1.093514,-0.110323
-1.006,-1.099224,-0.140551,-1.006,-1.099224,-0.109031
-1.011,-1.107789,-0.149336,-1.011,-1.110644,-0.114973
-1.016,-1.113499,-0.150369,-1.016,-1.113499,-0.113423
-1.021,-1.12492,-0.149078,-1.021,-1.12492,-0.108514
-1.025,-1.133485,-0.148044,-1.025,-1.13063,-0.113681
-1.03,-1.139196,-0.153987,-1.03,-1.139196,-0.116007
-1.035,-1.147761,-0.155537,-1.035,-1.144906,-0.110064
-1.04,-1.156326,-0.149594,-1.04,-1.156326,-0.111356
-1.045,-1.164892,-0.158896,-1.045,-1.164892,-0.116782
-1.05,-1.170602,-0.159671,-1.05,-1.170602,-0.11239
-1.055,-1.179167,-0.155278,-1.055,-1.182022,-0.110323
-1.06,-1.187733,-0.15812,-1.06,-1.184878,-0.11549
-1.064,-1.193443,-0.161996,-1.064,-1.193443,-0.116782
-1.069,-1.199153,-0.161479,-1.069,-1.202008,-0.110323
-1.074,-1.210574,-0.157087,-1.074,-1.210574,-0.11394
-1.079,-1.216284,-0.16613,-1.079,-1.216284,-0.117815
-1.084,-1.224849,-0.166905,-1.084,-1.224849,-0.11239
-1.089,-1.233415,-0.160187,-1.089,-1.233415,-0.111098
-1.094,-1.24198,-0.167163,-1.094,-1.239125,-0.11704
-1.099,-1.24769,-0.168455,-1.099,-1.24769,-0.116782
-1.104,-1.259111,-0.166905,-1.104,-1.256256,-0.110581
-1.108,-1.267676,-0.164063,-1.108,-1.264821,-0.116265
-1.113,-1.273387,-0.171039,-1.113,-1.273387,-0.118849
-1.118,-1.281952,-0.171555,-1.118,-1.281952,-0.11239
-1.123,-1.287662,-0.16458,-1.123,-1.287662,-0.112648
-1.128,-1.293372,-0.173622,-1.128,-1.293372,-0.118332
-1.133,-1.304793,-0.174139,-1.133,-1.301938,-0.114198
-1.138,-1.310503,-0.170264,-1.138,-1.313358,-0.111873
-1.143,-1.319069,-0.170005,-1.143,-1.319069,-0.117298
-1.147,-1.324779,-0.174398,-1.147,-1.327634,-0.119624
-1.152,-1.333344,-0.174139,-1.152,-1.333344,-0.112648
-1.157,-1.339054,-0.168713,-1.157,-1.339054,-0.114973
-1.162,-1.350475,-0.17724,-1.162,-1.34762,-0.119624
-1.167,-1.356185,-0.177756,-1.167,-1.35333,-0.114456
-1.172,-1.364751,-0.172072,-1.172,-1.364751,-0.112906
-1.177,-1.373316,-0.175173,-1.177,-1.373316,-0.118849
-1.182,-1.379026,-0.178273,-1.182,-1.381881,-0.11859
-1.187,-1.387592,-0.17724,-1.187,-1.390447,-0.112131
-1.191,-1.399012,-0.172589,-1.191,-1.396157,-0.117298
-1.196,-1.404722,-0.179823,-1.196,-1.404722,-0.120399
-1.201,-1.413288,-0.180857,-1.201,-1.413288,-0.114198
-1.206,-1.418998,-0.173364,-1.206,-1.418998,-0.113423
-1.211,-1.427563,-0.181632,-1.211,-1.427563,-0.119624
-1.216,-1.436129,-0.18189,-1.216,-1.436129,-0.116265
-1.221,-1.441839,-0.179048,-1.221,-1.441839,-0.11239
-1.226,-1.450404,-0.176464,-1.226,-1.450404,-0.117557
-1.23,-1.45897,-0.182149,-1.23,-1.456115,-0.120399
-1.235,-1.46468,-0.182407,-1.235,-1.467535,-0.113423
-1.24,-1.473245,-0.175689,-1.24,-1.473245,-0.114456
-1.245,-1.478956,-0.184732,-1.245,-1.481811,-0.120657
-1.25,0.505357,0.451625,-1.25,0.502502,0.419329
-1.255,0.499647,0.923919,-1.255,0.496792,0.488055
-1.26,0.488227,1.109943,-1.26,0.488227,0.510533
-1.265,0.479661,1.192104,-1.265,0.482516,0.523709
-1.27,0.473951,1.391563,-1.27,0.473951,0.537661
-1.274,0.465386,1.452538,-1.274,0.465386,0.535853
-1.279,0.45682,1.57397,-1.279,0.45682,0.532235
-1.284,0.453965,1.635461,-1.284,0.45111,0.534302
-1.289,0.442545,1.718397,-1.289,0.442545,0.529652
-1.294,0.431124,1.812959,-1.294,0.431124,0.516733
-1.299,0.425414,1.815026,-1.299,0.425414,0.509499
-1.304,0.416849,1.943176,-1.304,0.416849,0.50459
-1.309,0.411138,1.951444,-1.309,0.411138,0.489605
-1.313,0.402573,1.992782,-1.313,0.402573,0.476945
-1.318,0.394008,2.045231,-1.318,0.396863,0.471778
-1.323,0.385442,2.058924,-1.323,0.388297,0.459118
-1.328,0.379732,2.11654,-1.328,0.379732,0.441807
-1.333,0.371166,2.099746,-1.333,0.371166,0.434056
-1.338,0.362601,2.11654,-1.338,0.362601,0.423205
-1.343,0.354036,2.11654,-1.343,0.354036,0.405894
-1.348,0.348325,2.11654,-1.348,0.348325,0.392459
-1.353,0.33976,2.11654,-1.353,0.33976,0.385225
-1.357,0.33405,2.11654,-1.357,0.33405,0.370239
-1.362,0.325484,2.11654,-1.362,0.322629,0.353962
-1.367,0.316919,2.11654,-1.367,0.316919,0.346728
-1.372,0.308354,2.11654,-1.372,0.308354,0.336652
-1.377,0.302643,2.11654,-1.377,0.302643,0.318824
-1.382,0.294078,2.11654,-1.382,0.291223,0.307456
-1.387,0.285513,2.11654,-1.387,0.285513,0.301514
-1.392,0.276947,2.11654,-1.392,0.276947,0.285754
-1.396,0.268382,2.11654,-1.396,0.268382,0.27206
-1.401,0.262672,2.11654,-1.401,0.262672,0.266893
-1.406,0.254106,2.11654,-1.406,0.254106,0.256817
-1.411,0.245541,2.11654,-1.411,0.248396,0.241056
-1.416,0.236976,2.11654,-1.416,0.236976,0.233563
-1.421,0.231265,2.11654,-1.421,0.231265,0.226588
-1.426,0.2227,2.11654,-1.426,0.2227,0.212119
-1.431,0.21699,2.11654,-1.431,0.21699,0.199976
-1.436,0.205569,2.11654,-1.436,0.208424,0.197651
-1.44,0.199859,2.096387,-1.44,0.199859,0.187316
-1.445,0.191293,2.099488,-1.445,0.191293,0.171555
-1.45,0.182728,2.058666,-1.45,0.182728,0.168713
-1.455,0.177018,2.066159,-1.455,0.174163,0.163288
-1.46,0.165597,2.043422,-1.46,0.165597,0.148302
-1.465,0.159887,1.994074,-1.465,0.159887,0.140551
-1.47,0.151322,2.016035,-1.47,0.151322,0.13926
-1.475,0.145611,1.969788,-1.475,0.145611,0.12815
-1.479,0.134191,1.957128,-1.479,0.134191,0.11704
-1.484,0.128481,1.931549,-1.484,0.128481,0.11549
-1.489,0.12277,1.916306,-1.489,0.12277,0.110323
-1.494,0.114205,1.901837,-1.494,0.114205,0.097146
-1.499,0.10564,1.850939,-1.499,0.10564,0.093012
-1.504,0.097074,1.867474,-1.504,0.099929,0.09172
-1.509,0.088509,1.825361,-1.509,0.088509,0.080094
-1.514,0.082799,1.796165,-1.514,0.082799,0.071826
-1.519,0.074233,1.786864,-1.519,0.077088,0.073376
-1.523,0.065668,1.751468,-1.523,0.068523,0.066142
-1.528,0.057103,1.745525,-1.528,0.057103,0.055807
-1.533,0.051392,1.699795,-1.533,0.051392,0.055032
-1.538,0.039972,1.697728,-1.538,0.042827,0.05219
-1.543,0.034262,1.670341,-1.543,0.037117,0.041597
-1.548,0.025696,1.630036,-1.548,0.028551,0.035913
-1.553,0.019986,1.633136,-1.553,0.019986,0.03798
-1.558,0.011421,1.591797,-1.558,0.011421,0.029454
-1.563,0.00571,1.578879,-1.563,0.00571,0.021444
-1.567,-0.002855,1.543483,-1.567,-0.002855,0.022736
-1.572,-0.011421,1.528497,-1.572,-0.011421,0.020411
-1.577,-0.019986,1.509895,-1.577,-0.019986,0.01111
-1.582,-0.025696,1.465973,-1.582,-0.025696,0.007751
-1.587,-0.034262,1.46959,-1.587,-0.034262,0.010335
-1.592,-0.039972,1.432385,-1.592,-0.039972,0.001809
-1.597,-0.051392,1.409649,-1.597,-0.051392,-0.003876
-1.602,-0.057103,1.390788,-1.602,-0.057103,-0.001033
-1.606,-0.065668,1.363659,-1.606,-0.065668,-0.004392
-1.611,-0.074233,1.348674,-1.611,-0.071378,-0.012918
-1.616,-0.082799,1.30656,-1.616,-0.079944,-0.011885
-1.621,-0.091364,1.306302,-1.621,-0.088509,-0.01266
-1.626,-0.097074,1.275815,-1.626,-0.094219,-0.020411
-1.631,-0.10564,1.244811,-1.631,-0.102785,-0.025062
-1.636,-0.11135,1.236285,-1.636,-0.11135,-0.021186
-1.641,-0.119915,1.204506,-1.641,-0.119915,-0.025578
-1.646,-0.128481,1.189779,-1.646,-0.125626,-0.033071
-1.65,-0.137046,1.155157,-1.65,-0.134191,-0.030487
-1.655,-0.142756,1.145856,-1.655,-0.142756,-0.030746
-1.66,-0.154177,1.123378,-1.66,-0.151322,-0.039013
-1.665,-0.159887,1.084882,-1.665,-0.159887,-0.040822
-1.67,-0.168452,1.084882,-1.67,-0.165597,-0.036946
-1.675,-0.177018,1.054653,-1.675,-0.177018,-0.043664
-1.68,-0.182728,1.030625,-1.68,-0.182728,-0.048315
-1.685,-0.194149,1.010472,-1.685,-0.191293,-0.044181
-1.689,-0.199859,0.994712,-1.689,-0.199859,-0.045214
-1.694,-0.208424,0.973784,-1.694,-0.208424,-0.053224
-1.699,-0.214135,0.940455,-1.699,-0.214135,-0.051932
-1.704,-0.2227,0.938905,-1.704,-0.2227,-0.049865
-1.709,-0.231265,0.911518,-1.709,-0.231265,-0.057099
-1.714,-0.239831,0.884906,-1.714,-0.239831,-0.060458
-1.719,-0.245541,0.874571,-1.719,-0.245541,-0.055032
-1.724,-0.251251,0.85416,-1.724,-0.251251,-0.057357
-1.729,-0.259817,0.833749,-1.729,-0.259817,-0.065108
-1.733,-0.265527,0.806362,-1.733,-0.265527,-0.06175
-1.738,-0.276947,0.80197,-1.738,-0.274092,-0.060458
-1.743,-0.285513,0.777684,-1.743,-0.285513,-0.06795
-1.748,-0.291223,0.750039,-1.748,-0.291223,-0.070017
-1.753,-0.299788,0.744871,-1.753,-0.299788,-0.06485
-1.758,-0.308354,0.721618,-1.758,-0.308354,-0.070017
-1.763,-0.316919,0.702499,-1.763,-0.316919,-0.074151
-1.768,-0.322629,0.68183,-1.768,-0.322629,-0.070017
-1.772,-0.33405,0.670462,-1.772,-0.331195,-0.069759
-1.777,-0.33976,0.651342,-1.777,-0.336905,-0.076477
-1.782,-0.34547,0.626023,-1.782,-0.348325,-0.076477
-1.787,-0.356891,0.620855,-1.787,-0.356891,-0.071826
-1.792,-0.362601,0.600961,-1.792,-0.362601,-0.078027
-1.797,-0.371166,0.580292,-1.797,-0.371166,-0.081386
-1.802,-0.379732,0.566081,-1.802,-0.376877,-0.07596
-1.807,-0.385442,0.552646,-1.807,-0.385442,-0.076993
-1.812,-0.394008,0.535336,-1.812,-0.394008,-0.082936
-1.816,-0.399718,0.513375,-1.816,-0.399718,-0.08061
-1.821,-0.408283,0.507691,-1.821,-0.411138,-0.078802
-1.826,-0.416849,0.49038,-1.826,-0.416849,-0.084486
-1.831,-0.422559,0.469452,-1.831,-0.425414,-0.086811
-1.836,-0.431124,0.460926,-1.836,-0.433979,-0.080869
-1.841,-0.43969,0.445941,-1.841,-0.43969,-0.084486
-1.846,-0.448255,0.429147,-1.846,-0.448255,-0.089912
-1.851,-0.45682,0.410286,-1.851,-0.45682,-0.085261
-1.855,-0.465386,0.404602,-1.855,-0.465386,-0.084228
-1.86,-0.471096,0.388325,-1.86,-0.471096,-0.090945
-1.865,-0.479661,0.367914,-1.865,-0.479661,-0.090687
-1.87,-0.485372,0.363005,-1.87,-0.485372,-0.085519
-1.875,-0.493937,0.350087,-1.875,-0.496792,-0.091203
-1.88,-0.502502,0.332518,-1.88,-0.499647,-0.094821
-1.885,-0.511068,0.3196,-1.885,-0.508213,-0.089137
-1.89,-0.516778,0.31314,-1.89,-0.516778,-0.089137
-1.895,-0.525343,0.296347,-1.895,-0.525343,-0.095079
-1.899,-0.533909,0.279294,-1.899,-0.533909,-0.092754
-1.904,-0.539619,0.275419,-1.904,-0.542474,-0.09017
-1.909,-0.551039,0.263276,-1.909,-0.551039,-0.095596
-1.914,-0.55675,0.245448,-1.914,-0.55675,-0.098179
-1.919,-0.565315,0.237956,-1.919,-0.565315,-0.092237
-1.924,-0.571025,0.230463,-1.924,-0.57388,-0.093787
-1.929,-0.582446,0.212894,-1.929,-0.582446,-0.100246
-1.934,-0.588156,0.200493,-1.934,-0.588156,-0.095596
-1.938,-0.593866,0.197909,-1.938,-0.593866,-0.093787
-1.943,-0.602432,0.182665,-1.943,-0.602432,-0.100246
-1.948,-0.610997,0.16923,-1.948,-0.610997,-0.100763
-1.953,-0.616707,0.164321,-1.953,-0.619563,-0.094821
-1.958,-0.625273,0.157345,-1.958,-0.625273,-0.098954
-1.963,-0.633838,0.141068,-1.963,-0.633838,-0.103088
-1.968,-0.639548,0.130992,-1.968,-0.639548,-0.097663
-1.973,-0.648114,0.1297,-1.973,-0.650969,-0.096371
-1.978,-0.656679,0.11394,-1.978,-0.656679,-0.10283
-1.982,-0.662389,0.103605,-1.982,-0.662389,-0.101796
-1.987,-0.67381,0.099988,-1.987,-0.67381,-0.096888
-1.992,-0.682375,0.092237,-1.992,-0.682375,-0.102572
-1.997,-0.690941,0.079319,-1.997,-0.688086,-0.104897
-2.002,-0.696651,0.071826,-2.002,-0.696651,-0.099213
-2.007,-0.705216,0.069759,-2.007,-0.705216,-0.100246
-2.012,-0.710927,0.055549,-2.012,-0.710927,-0.105672
-2.017,-0.719492,0.047023,-2.017,-0.719492,-0.101796
-2.021,-0.725202,0.045473,-2.021,-0.728057,-0.099213
-2.026,-0.736623,0.036946,-2.026,-0.736623,-0.105155
-2.031,-0.742333,0.026095,-2.031,-0.742333,-0.106447
-2.036,-0.748043,0.021703,-2.036,-0.750898,-0.099988
-2.041,-0.756609,0.018861,-2.041,-0.756609,-0.104122
-2.046,-0.768029,0.005942,-2.046,-0.765174,-0.107997
-2.051,-0.773739,-0.000775,-2.051,-0.770884,-0.10283
-2.056,-0.782305,-0.000258,-2.056,-0.782305,-0.10128
-2.061,-0.79087,-0.011368,-2.061,-0.788015,-0.107481
-2.065,-0.79658,-0.018602,-2.065,-0.79658,-0.107481
-2.07,-0.808001,-0.021186,-2.07,-0.805146,-0.101538
-2.075,-0.813711,-0.023511,-2.075,-0.810856,-0.106964
-2.08,-0.819421,-0.035138,-2.08,-0.819421,-0.109806
-2.085,-0.827987,-0.040047,-2.085,-0.827987,-0.103605
-2.09,-0.836552,-0.037463,-2.09,-0.836552,-0.103605
-2.095,-0.842262,-0.050123,-2.095,-0.842262,-0.109031
-2.1,-0.853683,-0.056066,-2.1,-0.850828,-0.105414
-2.104,-0.856538,-0.055549,-2.104,-0.859393,-0.103605
-2.109,-0.867959,-0.059424,-2.109,-0.867959,-0.107997
-2.114,-0.873669,-0.067692,-2.114,-0.873669,-0.110323
-2.119,-0.882234,-0.070792,-2.119,-0.885089,-0.103863
-2.124,-0.893655,-0.069501,-2.124,-0.893655,-0.10593
-2.129,-0.899365,-0.080869,-2.129,-0.899365,-0.111356
-2.134,-0.90793,-0.085261,-2.134,-0.90793,-0.106447
-2.139,-0.913641,-0.082419,-2.139,-0.913641,-0.10438
-2.144,-0.925061,-0.088878,-2.144,-0.922206,-0.110323
-2.148,-0.927916,-0.095079,-2.148,-0.930771,-0.110323
-2.153,-0.936482,-0.095854,-2.153,-0.939337,-0.104639
-2.158,-0.945047,-0.094821,-2.158,-0.945047,-0.109547
-2.163,-0.950757,-0.104897,-2.163,-0.953612,-0.112648
-2.168,-0.959323,-0.108256,-2.168,-0.959323,-0.106964
-2.173,-0.965033,-0.103605,-2.173,-0.965033,-0.10593
-2.178,-0.976453,-0.113423,-2.178,-0.976453,-0.111873
-2.183,-0.982164,-0.116265,-2.183,-0.982164,-0.109547
-2.188,-0.990729,-0.115748,-2.188,-0.990729,-0.105672
-2.192,-1.002149,-0.116782,-2.192,-0.999294,-0.111356
-2.197,-1.00786,-0.123241,-2.197,-1.005005,-0.113423
-2.202,-1.01357,-0.125825,-2.202,-1.01357,-0.106705
-2.207,-1.022135,-0.120916,-2.207,-1.022135,-0.107222
-2.212,-1.030701,-0.131767,-2.212,-1.030701,-0.113681
-2.217,-1.036411,-0.133576,-2.217,-1.036411,-0.108772
-2.222,-1.044976,-0.130217,-2.222,-1.047832,-0.106964
-2.227,-1.053542,-0.134609,-2.227,-1.053542,-0.11239
-2.231,-1.062107,-0.138485,-2.231,-1.062107,-0.113423
-2.236,-1.070673,-0.139001,-2.236,-1.070673,-0.107739
-2.241,-1.079238,-0.135901,-2.241,-1.079238,-0.111873
-2.246,-1.084948,-0.144944,-2.246,-1.084948,-0.115232
-2.251,-1.093514,-0.147011,-2.251,-1.093514,-0.109806
-2.256,-1.099224,-0.140551,-2.256,-1.099224,-0.108514
-2.261,-1.107789,-0.148819,-2.261,-1.110644,-0.114456
-2.266,-1.116355,-0.150369,-2.266,-1.116355,-0.113681
-2.271,-1.12492,-0.149336,-2.271,-1.12492,-0.107997
-2.275,-1.13063,-0.147786,-2.275,-1.13063,-0.113165
-2.28,-1.139196,-0.154503,-2.28,-1.142051,-0.116265
-2.285,-1.147761,-0.156312,-2.285,-1.147761,-0.110064
-2.29,-1.156326,-0.149594,-2.29,-1.156326,-0.110323
-2.295,-1.162037,-0.159154,-2.295,-1.164892,-0.11549
-2.3,-1.170602,-0.159929,-2.3,-1.170602,-0.11239
-2.305,-1.179167,-0.156053,-2.305,-1.179167,-0.109289
-2.31,-1.187733,-0.157604,-2.31,-1.184878,-0.114973
-2.314,-1.196298,-0.162254,-2.314,-1.196298,-0.116265
-2.319,-1.202008,-0.162254,-2.319,-1.204864,-0.110323
-2.324,-1.210574,-0.157862,-2.324,-1.210574,-0.112648
-2.329,-1.216284,-0.16613,-2.329,-1.216284,-0.117815
-2.334,-1.224849,-0.167422,-2.334,-1.227705,-0.11239
-2.339,-1.233415,-0.161738,-2.339,-1.233415,-0.110581
-2.344,-1.239125,-0.16613,-2.344,-1.24198,-0.116265
-2.349,-1.24769,-0.168713,-2.349,-1.250546,-0.115748
-2.354,-1.256256,-0.16768,-2.354,-1.256256,-0.110323
-2.358,-1.264821,-0.163546,-2.358,-1.267676,-0.115232
-2.363,-1.270531,-0.171814,-2.363,-1.273387,-0.118074
-2.368,-1.281952,-0.172072,-2.368,-1.281952,-0.111614
-2.373,-1.287662,-0.165096,-2.373,-1.287662,-0.111356
-2.378,-1.293372,-0.173622,-2.378,-1.293372,-0.11704
-2.383,-1.301938,-0.173881,-2.383,-1.301938,-0.113681
-2.388,-1.310503,-0.171297,-2.388,-1.313358,-0.110839
-2.393,-1.319069,-0.169747,-2.393,-1.319069,-0.115748
-2.397,-1.327634,-0.174914,-2.397,-1.327634,-0.118074
-2.402,-1.333344,-0.174914,-2.402,-1.336199,-0.111873
-2.407,-1.339054,-0.16923,-2.407,-1.34191,-0.113165
-2.412,-1.350475,-0.178531,-2.412,-1.350475,-0.119365
-2.417,-1.356185,-0.178273,-2.417,-1.356185,-0.114456
-2.422,-1.364751,-0.173106,-2.422,-1.364751,-0.112131
-2.427,-1.376171,-0.17724,-2.427,-1.376171,-0.118332
-2.432,-1.381881,-0.179048,-2.432,-1.381881,-0.118849
-2.437,-1.390447,-0.178531,-2.437,-1.390447,-0.112648
-2.441,-1.399012,-0.173622,-2.441,-1.399012,-0.116265
-2.446,-1.404722,-0.181632,-2.446,-1.404722,-0.120141
-2.451,-1.413288,-0.18189,-2.451,-1.413288,-0.114715
-2.456,-1.421853,-0.175173,-2.456,-1.418998,-0.112906
-2.461,-1.427563,-0.182407,-2.461,-1.424708,-0.119365
-2.466,-1.436129,-0.18189,-2.466,-1.436129,-0.118074
-2.471,-1.441839,-0.180082,-2.471,-1.444694,-0.113165
-2.476,-1.45326,-0.17724,-2.476,-1.450404,-0.118849
-2.48,-1.461825,-0.182665,-2.48,-1.456115,-0.121174
-2.485,-1.467535,-0.183182,-2.485,-1.467535,-0.114973
-2.49,-1.473245,-0.176206,-2.49,-1.473245,-0.11549
-2.495,-1.481811,-0.184215,-2.495,-1.481811,-0.120916
